index,time,name,id,type,format,len,data
00000001,283.987.979,接收,401,DATA,STANDARD,8,1A00AC0D00000002
00000002,000.000.268,接收,402,DATA,STANDARD,8,02320354FFFF0920
00000003,000.000.236,接收,403,DATA,STANDARD,8,00009B000B030000
00000004,000.000.279,接收,404,DATA,STANDARD,8,0703050302030603
00000005,000.000.249,接收,405,DATA,STANDARD,8,000000000B02CF0B
00000006,000.000.266,接收,406,DATA,STANDARD,8,D902000000001400
00000007,000.000.255,接收,407,DATA,STANDARD,8,000000FF0000FFFF
00000008,000.000.261,接收,408,DATA,STANDARD,8,0502000000009B01
00000009,000.000.259,接收,305,DATA,STANDARD,8,000002FF0D02FFFF
00000010,000.000.256,接收,103,DATA,STANDARD,8,5500000000FFFFFF
00000011,000.000.281,接收,501,DATA,STANDARD,8,0000000000000000
00000012,000.002.135,接收,231,DATA,STANDARD,6,0201031F0E00
00000013,000.001.912,接收,232,DATA,STANDARD,6,020103230C00
00000014,000.001.673,接收,31F,DATA,STANDARD,8,000005020402FF80
00000015,000.000.251,接收,320,DATA,STANDARD,8,00009B010D02FFFF
00000016,000.004.035,接收,201,DATA,STANDARD,8,000000000B030000
00000017,000.037.386,接收,401,DATA,STANDARD,8,1A00AC0D00000002
00000018,000.000.256,接收,402,DATA,STANDARD,8,02320354FFFF0920
00000019,000.000.259,接收,403,DATA,STANDARD,8,00009B000B030000
00000020,000.000.259,接收,404,DATA,STANDARD,8,0703050302030603
00000021,000.000.259,接收,405,DATA,STANDARD,8,000000000B02CF0B
00000022,000.039.271,接收,406,DATA,STANDARD,8,D902000000001400
00000023,000.000.000,接收,407,DATA,STANDARD,8,000000FF0000FFFF
00000024,000.000.000,接收,408,DATA,STANDARD,8,0502000000009B01
00000025,000.000.000,接收,305,DATA,STANDARD,8,000002FF0D02FFFF
00000026,000.000.000,接收,103,DATA,STANDARD,8,5500000000FFFFFF
00000027,000.000.000,接收,501,DATA,STANDARD,8,0000000000000000
00000028,000.002.130,接收,231,DATA,STANDARD,6,0201031F0E00
00000029,000.001.946,接收,232,DATA,STANDARD,6,020103230C00
00000030,000.001.636,接收,31F,DATA,STANDARD,8,000005020502FF80
00000031,000.000.239,接收,320,DATA,STANDARD,8,00009B010D02FFFF
00000032,000.002.882,接收,201,DATA,STANDARD,8,000000000A030000
00000033,000.038.577,接收,401,DATA,STANDARD,8,1A00AC0D00000002
00000034,000.000.235,接收,402,DATA,STANDARD,8,02320354FFFF0920
00000035,000.000.297,接收,403,DATA,STANDARD,8,00009B000B030000
00000036,000.000.219,接收,404,DATA,STANDARD,8,0703050302030603
00000037,000.000.281,接收,405,DATA,STANDARD,8,000000000B02CF0B
00000038,000.089.262,接收,406,DATA,STANDARD,8,D902000000001400
00000039,000.000.000,接收,407,DATA,STANDARD,8,000000FF0000FFFF
00000040,000.000.000,接收,408,DATA,STANDARD,8,0502000000009B01
00000041,000.000.000,接收,305,DATA,STANDARD,8,000002FF0D02FFFF
00000042,000.000.000,接收,103,DATA,STANDARD,8,5500000000FFFFFF
00000043,000.000.000,接收,501,DATA,STANDARD,8,0000000000000000
00000044,000.002.155,接收,231,DATA,STANDARD,6,0201031F0E00
00000045,000.001.921,接收,232,DATA,STANDARD,6,020103230C00
00000046,000.001.641,接收,31F,DATA,STANDARD,8,000005020502FF80
00000047,000.000.235,接收,320,DATA,STANDARD,8,00009B010D02FFFF
00000048,000.005.437,接收,201,DATA,STANDARD,8,000000000A030000
00000049,000.036.020,接收,401,DATA,STANDARD,8,1A00AC0D00000002
00000050,000.000.274,接收,402,DATA,STANDARD,8,02320354FFFF0920
00000051,000.000.238,接收,403,DATA,STANDARD,8,00009B000B030000
00000052,000.000.265,接收,404,DATA,STANDARD,8,0703050302030603
00000053,000.000.251,接收,405,DATA,STANDARD,8,000000000B02CF0B
00000054,000.000.264,接收,406,DATA,STANDARD,8,D902000000001400
00000055,000.000.260,接收,407,DATA,STANDARD,8,000000FF0000FFFF
00000056,000.000.256,接收,408,DATA,STANDARD,8,0502000000009B01
00000057,000.000.280,接收,305,DATA,STANDARD,8,000002FF0D02FFFF
00000058,000.000.238,接收,103,DATA,STANDARD,8,5500000000FFFFFF
00000059,000.000.279,接收,501,DATA,STANDARD,8,0000000000000000
00000060,000.002.155,接收,231,DATA,STANDARD,6,0201031F0E00
00000061,000.001.922,接收,232,DATA,STANDARD,6,020103230C00
00000062,000.001.643,接收,31F,DATA,STANDARD,8,000005020402FF80
00000063,000.000.232,接收,320,DATA,STANDARD,8,00009B010D02FFFF
00000064,000.004.245,接收,201,DATA,STANDARD,8,000000000A030000
00000065,000.037.192,接收,401,DATA,STANDARD,8,1A00AC0D00000002
00000066,000.000.255,接收,402,DATA,STANDARD,8,02320354FFFF0920
00000067,000.000.263,接收,403,DATA,STANDARD,8,00009B000B030000
00000068,000.000.255,接收,404,DATA,STANDARD,8,0703050302030603
00000069,000.000.259,接收,405,DATA,STANDARD,8,000000000B02CF0B
00000070,000.000.257,接收,406,DATA,STANDARD,8,D902000000001400
00000071,000.000.260,接收,407,DATA,STANDARD,8,000000FF0000FFFF
00000072,000.000.281,接收,408,DATA,STANDARD,8,0502000000009B01
00000073,000.000.235,接收,305,DATA,STANDARD,8,000002FF0D02FFFF
00000074,000.000.280,接收,103,DATA,STANDARD,8,5500000000FFFFFF
00000075,000.000.257,接收,501,DATA,STANDARD,8,0000000000000000
00000076,000.002.183,接收,231,DATA,STANDARD,6,0201031F0E00
00000077,000.001.919,接收,232,DATA,STANDARD,6,020103230C00
00000078,000.001.610,接收,31F,DATA,STANDARD,8,000005020402FF80
00000079,000.000.239,接收,320,DATA,STANDARD,8,00009B010D02FFFF
00000080,000.003.073,接收,201,DATA,STANDARD,8,000000000A030000
00000081,000.038.390,接收,401,DATA,STANDARD,8,1A00AC0D00000002
00000082,000.000.239,接收,402,DATA,STANDARD,8,02320354FFFF0920
00000083,000.000.278,接收,403,DATA,STANDARD,8,00009B000B030000
00000084,000.000.248,接收,404,DATA,STANDARD,8,0703050302030603
00000085,000.000.268,接收,405,DATA,STANDARD,8,000000000B02CF0B
00000086,000.000.248,接收,406,DATA,STANDARD,8,D902000000001400
00000087,000.000.285,接收,407,DATA,STANDARD,8,000000FF0000FFFF
00000088,000.000.240,接收,408,DATA,STANDARD,8,0502000000009B01
00000089,000.000.257,接收,305,DATA,STANDARD,8,000002FF0D02FFFF
00000090,000.000.281,接收,103,DATA,STANDARD,8,5500000000FFFFFF
00000091,000.000.250,接收,501,DATA,STANDARD,8,0000000000000000
00000092,000.002.157,接收,231,DATA,STANDARD,6,0201031F0E00
00000093,000.001.934,接收,232,DATA,STANDARD,6,020103230C00
00000094,000.001.613,接收,31F,DATA,STANDARD,8,000005020402FF80
00000095,000.000.248,接收,320,DATA,STANDARD,8,00009B010D02FFFF
00000096,000.005.610,接收,201,DATA,STANDARD,8,000000000A030000
00000097,000.035.686,接收,401,DATA,STANDARD,8,1A00AC0D00000002
00000098,000.000.269,接收,402,DATA,STANDARD,8,02320354FFFF0920
00000099,000.000.251,接收,403,DATA,STANDARD,8,00009B000B030000
00000100,000.000.264,接收,404,DATA,STANDARD,8,0703050302030603
00000101,000.000.235,接收,405,DATA,STANDARD,8,000000000B02CF0B
00000102,000.000.281,接收,406,DATA,STANDARD,8,D902000000001400
00000103,000.000.252,接收,407,DATA,STANDARD,8,000000FF0000FFFF
00000104,000.000.264,接收,408,DATA,STANDARD,8,0502000000009B01
00000105,000.000.257,接收,305,DATA,STANDARD,8,000002FF0D02FFFF
00000106,000.000.270,接收,103,DATA,STANDARD,8,5500000000FFFFFF
00000107,000.000.269,接收,501,DATA,STANDARD,8,0000000000000000
00000108,000.002.156,接收,231,DATA,STANDARD,6,0201031F0E00
00000109,000.001.922,接收,232,DATA,STANDARD,6,020103230C00
00000110,000.001.640,接收,31F,DATA,STANDARD,8,000005020402FF80
00000111,000.000.235,接收,320,DATA,STANDARD,8,00009B010D02FFFF
00000112,000.004.563,接收,201,DATA,STANDARD,8,000000000A030000
00000113,000.037.063,接收,401,DATA,STANDARD,8,1A00AC0D00000002
00000114,000.000.233,接收,402,DATA,STANDARD,8,02320354FFFF0920
00000115,000.000.282,接收,403,DATA,STANDARD,8,00009B000A030000
00000116,000.000.236,接收,404,DATA,STANDARD,8,0703050303030503
00000117,000.000.292,接收,405,DATA,STANDARD,8,000000000B02CF0B
00000118,000.000.224,接收,406,DATA,STANDARD,8,D902000000001400
00000119,000.000.280,接收,407,DATA,STANDARD,8,000000FF0000FFFF
00000120,000.000.253,接收,408,DATA,STANDARD,8,0502000000009B01
00000121,000.000.261,接收,305,DATA,STANDARD,8,000002FF0D02FFFF
00000122,000.000.261,接收,103,DATA,STANDARD,8,5500000000FFFFFF
00000123,000.000.257,接收,501,DATA,STANDARD,8,0000000000000000
00000124,000.002.177,接收,231,DATA,STANDARD,6,0201031F0E00
00000125,000.001.900,接收,232,DATA,STANDARD,6,020103230C00
00000126,000.001.640,接收,31F,DATA,STANDARD,8,000005020402FF80
00000127,000.000.235,接收,320,DATA,STANDARD,8,00009B010D02FFFF
00000128,000.003.233,接收,201,DATA,STANDARD,8,000000000A030000
00000129,000.038.203,接收,401,DATA,STANDARD,8,1A00AC0D00000002
00000130,000.000.250,接收,402,DATA,STANDARD,8,02320354FFFF0920
00000131,000.000.267,接收,403,DATA,STANDARD,8,00009B000A030000
00000132,000.000.251,接收,404,DATA,STANDARD,8,0703050303030503
00000133,000.000.264,接收,405,DATA,STANDARD,8,000000000B02CF0B
00000134,000.000.252,接收,406,DATA,STANDARD,8,D902000000001400
00000135,000.000.264,接收,407,DATA,STANDARD,8,000000FF0000FFFF
00000136,000.000.264,接收,408,DATA,STANDARD,8,0502000000009B01
00000137,000.000.251,接收,305,DATA,STANDARD,8,000002FF0D02FFFF
00000138,000.000.283,接收,103,DATA,STANDARD,8,5500000000FFFFFF
00000139,000.000.250,接收,501,DATA,STANDARD,8,0000000000000000
00000140,000.002.140,接收,231,DATA,STANDARD,6,0201032B0E00
00000141,000.001.924,接收,232,DATA,STANDARD,6,020103230C00
00000142,000.001.640,接收,31F,DATA,STANDARD,8,000005020402FF80
00000143,000.000.248,接收,320,DATA,STANDARD,8,00009B010D02FFFF
00000144,000.005.797,接收,201,DATA,STANDARD,8,000000000A030000
00000145,000.035.502,接收,401,DATA,STANDARD,8,1A00AC0D00000002
00000146,000.000.263,接收,402,DATA,STANDARD,8,02320354FFFF0920
00000147,000.000.249,接收,403,DATA,STANDARD,8,00009B000A030000
00000148,000.000.281,接收,404,DATA,STANDARD,8,0703050303030503
00000149,000.000.235,接收,405,DATA,STANDARD,8,000000000B02CF0B
00000150,000.000.267,接收,406,DATA,STANDARD,8,D902000000001400
00000151,000.000.257,接收,407,DATA,STANDARD,8,000000FF0000FFFF
00000152,000.000.257,接收,408,DATA,STANDARD,8,0502000000009B01
00000153,000.000.263,接收,305,DATA,STANDARD,8,000002FF0D02FFFF
00000154,000.000.255,接收,103,DATA,STANDARD,8,5500000000FFFFFF
00000155,000.000.293,接收,501,DATA,STANDARD,8,0000000000000000
00000156,000.002.143,接收,231,DATA,STANDARD,6,0201031F0E00
00000157,000.001.896,接收,232,DATA,STANDARD,6,020103230C00
00000158,000.001.667,接收,31F,DATA,STANDARD,8,000005020402FF80
00000159,000.000.234,接收,320,DATA,STANDARD,8,00009B010D02FFFF
00000160,000.004.752,接收,201,DATA,STANDARD,8,000000000A030000
00000161,000.036.829,接收,401,DATA,STANDARD,8,1A00AC0D00000002
00000162,000.000.279,接收,402,DATA,STANDARD,8,02320354FFFF0920
00000163,000.000.234,接收,403,DATA,STANDARD,8,00009B000A030000
00000164,000.000.281,接收,404,DATA,STANDARD,8,0703050303030503
00000165,000.000.235,接收,405,DATA,STANDARD,8,000000000B02CF0B
00000166,000.000.299,接收,406,DATA,STANDARD,8,D902000000001400
00000167,000.000.232,接收,407,DATA,STANDARD,8,000000FF0000FFFF
00000168,000.000.266,接收,408,DATA,STANDARD,8,0502000000009B01
00000169,000.000.255,接收,305,DATA,STANDARD,8,000002FF0D02FFFF
00000170,000.000.259,接收,103,DATA,STANDARD,8,5500000000FFFFFF
00000171,000.490.605,接收,501,DATA,STANDARD,8,0000000000000000
00000172,000.000.000,接收,231,DATA,STANDARD,6,0201031F0E00
00000173,000.000.000,接收,232,DATA,STANDARD,6,020103230C00
00000174,000.000.000,接收,31F,DATA,STANDARD,8,000005020402FF80
00000175,000.000.000,接收,320,DATA,STANDARD,8,00009B010D02FFFF
00000176,000.000.000,接收,201,DATA,STANDARD,8,000000000A030000
00000177,000.038.015,接收,401,DATA,STANDARD,8,1A00AC0D00000002
00000178,000.000.258,接收,402,DATA,STANDARD,8,02320354FFFF0920
00000179,000.000.259,接收,403,DATA,STANDARD,8,00009B000A030000
00000180,000.000.259,接收,404,DATA,STANDARD,8,0703050303030503
00000181,000.000.256,接收,405,DATA,STANDARD,8,000000000B02CF0B
00000182,000.000.260,接收,406,DATA,STANDARD,8,D902000000001400
00000183,000.000.256,接收,407,DATA,STANDARD,8,000000FF0000FFFF
00000184,000.000.281,接收,408,DATA,STANDARD,8,0502000000009B01
00000185,000.000.247,接收,305,DATA,STANDARD,8,000002FF0D02FFFF
00000186,000.000.270,接收,103,DATA,STANDARD,8,5500000000FFFFFF
00000187,000.000.258,接收,501,DATA,STANDARD,8,0000000000000000
00000188,000.002.178,接收,231,DATA,STANDARD,6,0201031F0E00
00000189,000.001.875,接收,232,DATA,STANDARD,6,020103230C00
00000190,000.001.659,接收,31F,DATA,STANDARD,8,000005020402FF80
00000191,000.000.239,接收,320,DATA,STANDARD,8,00009B010D02FFFF
00000192,000.002.230,接收,201,DATA,STANDARD,8,000000000A030000
00000193,000.039.232,接收,401,DATA,STANDARD,8,1A00AC0D00000002
00000194,000.000.233,接收,402,DATA,STANDARD,8,02320354FFFF0920
00000195,000.000.261,接收,403,DATA,STANDARD,8,00009B000A030000
00000196,000.000.257,接收,404,DATA,STANDARD,8,0703050303030503
00000197,000.000.259,接收,405,DATA,STANDARD,8,000000000B02CF0B
00000198,000.000.256,接收,406,DATA,STANDARD,8,D902000000001400
00000199,000.000.281,接收,407,DATA,STANDARD,8,000000FF0000FFFF
00000200,000.000.251,接收,408,DATA,STANDARD,8,0502000000009B01
00000201,000.000.264,接收,305,DATA,STANDARD,8,000002FF0D02FFFF
00000202,000.000.254,接收,103,DATA,STANDARD,8,5500000000FFFFFF
00000203,000.000.261,接收,501,DATA,STANDARD,8,0000000000000000
00000204,000.002.156,接收,231,DATA,STANDARD,6,0201031F0E00
00000205,000.001.922,接收,232,DATA,STANDARD,6,020103230C00
00000206,000.001.641,接收,31F,DATA,STANDARD,8,000005020402FF80
00000207,000.000.234,接收,320,DATA,STANDARD,8,00009B010D02FFFF
00000208,000.004.782,接收,201,DATA,STANDARD,8,000000000A030000
00000209,000.036.673,接收,401,DATA,STANDARD,8,1A00AC0D00000002
00000210,000.000.266,接收,402,DATA,STANDARD,8,02320354FFFF0920
00000211,000.000.246,接收,403,DATA,STANDARD,8,00009B000A030000
00000212,000.000.269,接收,404,DATA,STANDARD,8,0703050303030503
00000213,000.000.247,接收,405,DATA,STANDARD,8,000000000B02CF0B
00000214,000.639.295,接收,406,DATA,STANDARD,8,D902000000001400
00000215,000.000.000,接收,407,DATA,STANDARD,8,000000FF0000FFFF
00000216,000.000.000,接收,408,DATA,STANDARD,8,0502000000009B01
00000217,000.000.000,接收,305,DATA,STANDARD,8,000002FF0D02FFFF
00000218,000.000.000,接收,103,DATA,STANDARD,8,5500000000FFFFFF
00000219,000.000.000,接收,501,DATA,STANDARD,8,0000000000000000
00000220,000.002.129,接收,231,DATA,STANDARD,6,0201031F0E00
00000221,000.001.921,接收,232,DATA,STANDARD,6,020103230C00
00000222,000.001.668,接收,31F,DATA,STANDARD,8,000005020402FF80
00000223,000.000.235,接收,320,DATA,STANDARD,8,00009B010D02FFFF
00000224,000.003.609,接收,201,DATA,STANDARD,8,000000000A030000
00000225,000.087.843,接收,401,DATA,STANDARD,8,1A00AC0D00000002
00000226,000.000.235,接收,402,DATA,STANDARD,8,02320354FFFF0920
00000227,000.000.299,接收,403,DATA,STANDARD,8,00009B000A030000
00000228,000.000.219,接收,404,DATA,STANDARD,8,0703050303030503
00000229,000.000.280,接收,405,DATA,STANDARD,8,000000000B02CF0B
00000230,000.000.236,接收,406,DATA,STANDARD,8,D902000000001400
00000231,000.000.279,接收,407,DATA,STANDARD,8,000000FF0000FFFF
00000232,000.000.254,接收,408,DATA,STANDARD,8,0502000000009B01
00000233,000.000.261,接收,305,DATA,STANDARD,8,000002FF0D02FFFF
00000234,000.000.262,接收,103,DATA,STANDARD,8,5500000000FFFFFF
00000235,000.000.266,接收,501,DATA,STANDARD,8,0000000000000000
00000236,000.002.144,接收,231,DATA,STANDARD,6,0201031F0E00
00000237,000.001.922,接收,232,DATA,STANDARD,6,020103230C00
00000238,000.001.640,接收,31F,DATA,STANDARD,8,000005020402FF80
00000239,000.000.237,接收,320,DATA,STANDARD,8,00009B010D02FFFF
00000240,000.004.592,接收,201,DATA,STANDARD,8,000000000A030000
00000241,000.036.866,接收,401,DATA,STANDARD,8,1A00AC0D00000002
00000242,000.000.276,接收,402,DATA,STANDARD,8,02320354FFFF0920
00000243,000.000.237,接收,403,DATA,STANDARD,8,00009B000A030000
00000244,000.000.261,接收,404,DATA,STANDARD,8,0703050303030503
00000245,000.000.255,接收,405,DATA,STANDARD,8,000000000B02CF0B
00000246,000.000.261,接收,406,DATA,STANDARD,8,D902000000001400
00000247,000.000.282,接收,407,DATA,STANDARD,8,000000FF0000FFFF
00000248,000.000.233,接收,408,DATA,STANDARD,8,0502000000009B01
00000249,000.000.282,接收,305,DATA,STANDARD,8,000002FF0D02FFFF
00000250,000.000.249,接收,103,DATA,STANDARD,8,5500000000FFFFFF
00000251,000.000.266,接收,501,DATA,STANDARD,8,0000000000000000
00000252,000.002.156,接收,231,DATA,STANDARD,6,0201032B0E00
00000253,000.001.898,接收,232,DATA,STANDARD,6,020103230C00
00000254,000.001.666,接收,31F,DATA,STANDARD,8,000005020402FF80
00000255,000.000.233,接收,320,DATA,STANDARD,8,00009B010D02FFFF
00000256,000.003.398,接收,201,DATA,STANDARD,8,000000000A030000
00000257,000.038.086,接收,401,DATA,STANDARD,8,1A00AC0D00000002
00000258,000.000.237,接收,402,DATA,STANDARD,8,02320354FFFF0920
00000259,000.000.280,接收,403,DATA,STANDARD,8,00009B000A030000
00000260,000.000.236,接收,404,DATA,STANDARD,8,0703050303030603
00000261,000.000.280,接收,405,DATA,STANDARD,8,000000000B02CF0B
00000262,000.000.236,接收,406,DATA,STANDARD,8,D802000000001400
00000263,000.000.279,接收,407,DATA,STANDARD,8,000000FF0000FFFF
00000264,000.000.254,接收,408,DATA,STANDARD,8,0502000000009B01
00000265,000.000.261,接收,305,DATA,STANDARD,8,000002FF0D02FFFF
00000266,000.000.261,接收,103,DATA,STANDARD,8,5500000000FFFFFF
00000267,000.000.257,接收,501,DATA,STANDARD,8,0000000000000000
00000268,000.002.167,接收,231,DATA,STANDARD,6,0201032B0E00
00000269,000.001.912,接收,232,DATA,STANDARD,6,020103230C00
00000270,000.001.637,接收,31F,DATA,STANDARD,8,000005020402FF80
00000271,000.000.236,接收,320,DATA,STANDARD,8,00009B010D02FFFF
00000272,000.002.202,接收,201,DATA,STANDARD,8,000000000A030000
00000273,000.039.235,接收,401,DATA,STANDARD,8,1A00AC0D00000002
00000274,000.000.236,接收,402,DATA,STANDARD,8,02320354FFFF0920
00000275,000.000.279,接收,403,DATA,STANDARD,8,00009B000A030000
00000276,000.000.237,接收,404,DATA,STANDARD,8,0703050303030603
00000277,000.000.279,接收,405,DATA,STANDARD,8,000000000B02CF0B
00000278,000.000.237,接收,406,DATA,STANDARD,8,D802000000001400
00000279,000.000.298,接收,407,DATA,STANDARD,8,000000FF0000FFFF
00000280,000.000.235,接收,408,DATA,STANDARD,8,0502000000009B01
00000281,000.890.074,接收,305,DATA,STANDARD,8,000002FF0D02FFFF
00000282,000.000.000,接收,103,DATA,STANDARD,8,5500000000FFFFFF
00000283,000.000.000,接收,501,DATA,STANDARD,8,0000000000000000
00000284,000.000.000,接收,231,DATA,STANDARD,6,0201031F0E00
00000285,000.000.000,接收,232,DATA,STANDARD,6,020103230C00
00000286,000.000.000,接收,31F,DATA,STANDARD,8,000005020402FF80
00000287,000.000.236,接收,320,DATA,STANDARD,8,00009B010D02FFFF
00000288,000.004.781,接收,201,DATA,STANDARD,8,000000000A030000
00000289,000.036.529,接收,401,DATA,STANDARD,8,1A00AC0D00000002
00000290,000.000.268,接收,402,DATA,STANDARD,8,02320354FFFF0920
00000291,000.000.250,接收,403,DATA,STANDARD,8,00009B000A030000
00000292,000.000.265,接收,404,DATA,STANDARD,8,0703050303030603
00000293,000.000.234,接收,405,DATA,STANDARD,8,000000000B02CF0B
00000294,000.000.281,接收,406,DATA,STANDARD,8,D802000000001400
00000295,000.000.252,接收,407,DATA,STANDARD,8,000000FF0000FFFF
00000296,000.000.265,接收,408,DATA,STANDARD,8,0502000000009B01
00000297,000.000.255,接收,305,DATA,STANDARD,8,000002FF0D02FFFF
00000298,000.000.272,接收,103,DATA,STANDARD,8,5500000000FFFFFF
00000299,000.000.269,接收,501,DATA,STANDARD,8,0000000000000000
00000300,000.002.135,接收,231,DATA,STANDARD,6,0201032B0E00
00000301,000.001.923,接收,232,DATA,STANDARD,6,020103230C00
00000302,000.001.661,接收,31F,DATA,STANDARD,8,000005020502FF80
00000303,000.000.235,接收,320,DATA,STANDARD,8,00009B010D02FFFF
00000304,000.003.726,接收,201,DATA,STANDARD,8,000000000A030000
00000305,000.037.854,接收,401,DATA,STANDARD,8,1A00AC0D00000002
00000306,000.000.278,接收,402,DATA,STANDARD,8,02320354FFFF0920
00000307,000.000.235,接收,403,DATA,STANDARD,8,00009B000A030000
00000308,000.000.280,接收,404,DATA,STANDARD,8,0703050303030603
00000309,000.000.254,接收,405,DATA,STANDARD,8,000000000B02CF0B
00000310,000.000.263,接收,406,DATA,STANDARD,8,D802000000001400
00000311,000.000.248,接收,407,DATA,STANDARD,8,000000FF0000FFFF
00000312,000.000.267,接收,408,DATA,STANDARD,8,0502000000009B01
00000313,000.000.253,接收,305,DATA,STANDARD,8,000002FF0D02FFFF
00000314,000.000.263,接收,103,DATA,STANDARD,8,5500000000FFFFFF
00000315,000.000.281,接收,501,DATA,STANDARD,8,0000000000000000
00000316,000.002.130,接收,231,DATA,STANDARD,6,0201031F0E00
00000317,000.001.919,接收,232,DATA,STANDARD,6,020103230C00
00000318,000.001.647,接收,31F,DATA,STANDARD,8,000005020402FF80
00000319,000.000.274,接收,320,DATA,STANDARD,8,00009B010D02FFFF
00000320,000.002.374,接收,201,DATA,STANDARD,8,000000000A030000
00000321,000.039.046,接收,401,DATA,STANDARD,8,1A00AC0D00000002
00000322,000.000.249,接收,402,DATA,STANDARD,8,02320354FFFF0920
00000323,000.000.267,接收,403,DATA,STANDARD,8,00009B000A030000
00000324,000.000.253,接收,404,DATA,STANDARD,8,0703050303030603
00000325,000.000.263,接收,405,DATA,STANDARD,8,000000000B02CF0B
00000326,000.039.292,接收,406,DATA,STANDARD,8,D802000000001400
00000327,000.000.000,接收,407,DATA,STANDARD,8,000000FF0000FFFF
00000328,000.000.000,接收,408,DATA,STANDARD,8,0502000000009B01
00000329,000.000.000,接收,305,DATA,STANDARD,8,000002FF0D02FFFF
00000330,000.000.000,接收,103,DATA,STANDARD,8,5500000000FFFFFF
00000331,000.000.000,接收,501,DATA,STANDARD,8,0000000000000000
00000332,000.002.141,接收,231,DATA,STANDARD,6,0201031F0E00
00000333,000.001.923,接收,232,DATA,STANDARD,6,020103230C00
00000334,000.001.640,接收,31F,DATA,STANDARD,8,000005020402FF80
00000335,000.000.247,接收,320,DATA,STANDARD,8,00009B010D02FFFF
00000336,000.004.956,接收,201,DATA,STANDARD,8,000000000A030000
00000337,000.036.515,接收,401,DATA,STANDARD,8,1A00AC0D00000002
00000338,000.000.234,接收,402,DATA,STANDARD,8,02320354FFFF0920
00000339,000.000.265,接收,403,DATA,STANDARD,8,00009B000A030000
00000340,000.000.251,接收,404,DATA,STANDARD,8,0703050303030603
00000341,000.000.258,接收,405,DATA,STANDARD,8,000000000B02CF0B
00000342,000.089.293,接收,406,DATA,STANDARD,8,D802000000001400
00000343,000.000.000,接收,407,DATA,STANDARD,8,000000FF0000FFFF
00000344,000.000.000,接收,408,DATA,STANDARD,8,0502000000009B01
00000345,000.000.000,接收,305,DATA,STANDARD,8,000002FF0D02FFFF
00000346,000.000.000,接收,103,DATA,STANDARD,8,5500000000FFFFFF
00000347,000.000.000,接收,501,DATA,STANDARD,8,0000000000000000
00000348,000.002.155,接收,231,DATA,STANDARD,6,0201031F0E00
00000349,000.001.922,接收,232,DATA,STANDARD,6,020103230C00
00000350,000.001.640,接收,31F,DATA,STANDARD,8,000005020402FF80
00000351,000.000.235,接收,320,DATA,STANDARD,8,00009B010D02FFFF
00000352,000.003.765,接收,201,DATA,STANDARD,8,000000000A030000
00000353,000.037.686,接收,401,DATA,STANDARD,8,1A00AC0D00000002
00000354,000.000.282,接收,402,DATA,STANDARD,8,02320354FFFF0920
00000355,000.000.222,接收,403,DATA,STANDARD,8,00009B000A030000
00000356,000.000.280,接收,404,DATA,STANDARD,8,0703050303030603
00000357,000.000.235,接收,405,DATA,STANDARD,8,000000000B02CF0B
00000358,000.000.280,接收,406,DATA,STANDARD,8,D802000000001400
00000359,000.000.251,接收,407,DATA,STANDARD,8,000000FF0000FFFF
00000360,000.000.266,接收,408,DATA,STANDARD,8,0502000000009B01
00000361,000.000.258,接收,305,DATA,STANDARD,8,000002FF0D02FFFF
00000362,000.000.257,接收,103,DATA,STANDARD,8,5500000000FFFFFF
00000363,000.000.280,接收,501,DATA,STANDARD,8,0000000000000000
00000364,000.002.157,接收,231,DATA,STANDARD,6,0201031F0E00
00000365,000.001.892,接收,232,DATA,STANDARD,6,020103230C00
00000366,000.001.650,接收,31F,DATA,STANDARD,8,000005020402FF80
00000367,000.000.256,接收,320,DATA,STANDARD,8,00009B010D02FFFF
00000368,000.002.576,接收,201,DATA,STANDARD,8,000000000A030000
00000369,000.038.861,接收,401,DATA,STANDARD,8,1A00AC0D00000002
00000370,000.000.252,接收,402,DATA,STANDARD,8,02320354FFFF0920
00000371,000.000.263,接收,403,DATA,STANDARD,8,00009B000A030000
00000372,000.000.253,接收,404,DATA,STANDARD,8,0703050303030603
00000373,000.000.264,接收,405,DATA,STANDARD,8,000000000B02CF0B
00000374,000.000.252,接收,406,DATA,STANDARD,8,D802000000001400
00000375,000.000.262,接收,407,DATA,STANDARD,8,000000FF0000FFFF
00000376,000.000.262,接收,408,DATA,STANDARD,8,0502000000009B01
00000377,000.000.256,接收,305,DATA,STANDARD,8,000002FF0D02FFFF
00000378,000.000.280,接收,103,DATA,STANDARD,8,5500000000FFFFFF
00000379,000.000.253,接收,501,DATA,STANDARD,8,0000000000000000
00000380,000.002.138,接收,231,DATA,STANDARD,6,0201031F0E00
00000381,000.001.936,接收,232,DATA,STANDARD,6,020103230C00
00000382,000.001.638,接收,31F,DATA,STANDARD,8,000005020402FF80
00000383,000.000.239,接收,320,DATA,STANDARD,8,00009B010D02FFFF
00000384,000.005.138,接收,201,DATA,STANDARD,8,000000000A030000
00000385,000.036.329,接收,401,DATA,STANDARD,8,1A00AC0D00000002
00000386,000.000.234,接收,402,DATA,STANDARD,8,02320354FFFF0920
00000387,000.000.261,接收,403,DATA,STANDARD,8,00009B000A030000
00000388,000.000.255,接收,404,DATA,STANDARD,8,0703050303030603
00000389,000.000.260,接收,405,DATA,STANDARD,8,000000000B02CF0B
00000390,000.000.256,接收,406,DATA,STANDARD,8,D802000000001400
00000391,000.000.301,接收,407,DATA,STANDARD,8,000000FF0000FFFF
00000392,000.000.228,接收,408,DATA,STANDARD,8,0502000000009B01
00000393,000.240.090,接收,305,DATA,STANDARD,8,000002FF0D02FFFF
00000394,000.000.000,接收,103,DATA,STANDARD,8,5500000000FFFFFF
00000395,000.000.000,接收,501,DATA,STANDARD,8,0000000000000000
00000396,000.000.000,接收,231,DATA,STANDARD,6,0201031F0E00
00000397,000.000.000,接收,232,DATA,STANDARD,6,020103230C00
00000398,000.000.000,接收,31F,DATA,STANDARD,8,000005020402FF80
00000399,000.000.235,接收,320,DATA,STANDARD,8,00009B010D02FFFF
00000400,000.003.984,接收,201,DATA,STANDARD,8,000000000B030000
00000401,000.037.502,接收,401,DATA,STANDARD,8,1A00AC0D00000002
00000402,000.000.258,接收,402,DATA,STANDARD,8,02320354FFFF0920
00000403,000.000.256,接收,403,DATA,STANDARD,8,00009C000B030000
00000404,000.000.260,接收,404,DATA,STANDARD,8,0703050303030603
00000405,000.000.258,接收,405,DATA,STANDARD,8,000000000B02CF0B
00000406,000.000.258,接收,406,DATA,STANDARD,8,D902000000001400
00000407,000.000.256,接收,407,DATA,STANDARD,8,000000FF0000FFFF
00000408,000.000.280,接收,408,DATA,STANDARD,8,0502000000009B01
00000409,000.000.248,接收,305,DATA,STANDARD,8,000002FF0D02FFFF
00000410,000.000.269,接收,103,DATA,STANDARD,8,5500000000FFFFFF
00000411,000.000.259,接收,501,DATA,STANDARD,8,0000000000000000
00000412,000.002.159,接收,231,DATA,STANDARD,6,0201032B0E00
00000413,000.001.918,接收,232,DATA,STANDARD,6,020103230C00
00000414,000.001.636,接收,31F,DATA,STANDARD,8,000005020402FF80
00000415,000.000.239,接收,320,DATA,STANDARD,8,00009B010D02FFFF
00000416,000.002.790,接收,201,DATA,STANDARD,8,000000000B030000
00000417,000.038.623,接收,401,DATA,STANDARD,8,1A00AC0D00000002
00000418,000.000.254,接收,402,DATA,STANDARD,8,02320354FFFF0920
00000419,000.000.262,接收,403,DATA,STANDARD,8,00009C000B030000
00000420,000.000.254,接收,404,DATA,STANDARD,8,0703050303030603
00000421,000.000.281,接收,405,DATA,STANDARD,8,000000000B02CF0B
00000422,000.000.236,接收,406,DATA,STANDARD,8,D902000000001400
00000423,000.000.260,接收,407,DATA,STANDARD,8,000000FF0000FFFF
00000424,000.000.281,接收,408,DATA,STANDARD,8,0502000000009B01
00000425,000.000.235,接收,305,DATA,STANDARD,8,000002FF0D02FFFF
00000426,000.000.281,接收,103,DATA,STANDARD,8,5500000000FFFFFF
00000427,000.000.255,接收,501,DATA,STANDARD,8,0000000000000000
00000428,000.002.156,接收,231,DATA,STANDARD,6,0201031F0E00
00000429,000.001.916,接收,232,DATA,STANDARD,6,020103230C00
00000430,000.001.640,接收,31F,DATA,STANDARD,8,000005020402FF80
00000431,000.000.239,接收,320,DATA,STANDARD,8,00009B010D02FFFF
00000432,000.005.422,接收,201,DATA,STANDARD,8,000000000B030000
00000433,000.086.028,接收,401,DATA,STANDARD,8,1A00AC0D00000002
00000434,000.000.266,接收,402,DATA,STANDARD,8,02320354FFFF0920
00000435,000.000.237,接收,403,DATA,STANDARD,8,00009C000B030000
00000436,000.000.279,接收,404,DATA,STANDARD,8,0703050303030603
00000437,000.000.248,接收,405,DATA,STANDARD,8,000000000B02CF0B
00000438,000.000.268,接收,406,DATA,STANDARD,8,D902000000001400
00000439,000.000.252,接收,407,DATA,STANDARD,8,000000FF0000FFFF
00000440,000.000.263,接收,408,DATA,STANDARD,8,0502000000009B01
00000441,000.000.257,接收,305,DATA,STANDARD,8,000002FF0D02FFFF
00000442,000.000.259,接收,103,DATA,STANDARD,8,5500000000FFFFFF
00000443,000.000.280,接收,501,DATA,STANDARD,8,0000000000000000
00000444,000.002.133,接收,231,DATA,STANDARD,6,0201031F0E00
00000445,000.001.916,接收,232,DATA,STANDARD,6,020103230C00
00000446,000.001.652,接收,31F,DATA,STANDARD,8,000005020402FF80
00000447,000.000.269,接收,320,DATA,STANDARD,8,00009B010D02FFFF
00000448,000.002.702,接收,201,DATA,STANDARD,8,000000000B030000
00000449,000.038.719,接收,401,DATA,STANDARD,8,1A00AC0D00000002
00000450,000.000.257,接收,402,DATA,STANDARD,8,02320354FFFF0920
00000451,000.000.259,接收,403,DATA,STANDARD,8,00009C000B030000
00000452,000.000.257,接收,404,DATA,STANDARD,8,0703050303030603
00000453,000.000.259,接收,405,DATA,STANDARD,8,000000000B02CF0B
00000454,000.000.257,接收,406,DATA,STANDARD,8,D902000000001400
00000455,000.000.259,接收,407,DATA,STANDARD,8,000000FF0000FFFF
00000456,000.000.281,接收,408,DATA,STANDARD,8,0502000000009B01
00000457,000.000.235,接收,305,DATA,STANDARD,8,000002FF0D02FFFF
00000458,000.000.280,接收,103,DATA,STANDARD,8,5500000000FFFFFF
00000459,000.000.263,接收,501,DATA,STANDARD,8,0000000000000000
00000460,000.002.128,接收,231,DATA,STANDARD,6,0201031F0E00
00000461,000.001.946,接收,232,DATA,STANDARD,6,020103230C00
00000462,000.001.632,接收,31F,DATA,STANDARD,8,000005020402FF80
00000463,000.000.239,接收,320,DATA,STANDARD,8,00009B010D02FFFF
00000464,000.005.323,接收,201,DATA,STANDARD,8,000000000B030000
00000465,000.036.140,接收,401,DATA,STANDARD,8,1A00AC0D00000002
00000466,000.000.253,接收,402,DATA,STANDARD,8,02320354FFFF0920
00000467,000.000.277,接收,403,DATA,STANDARD,8,00009C000B030000
00000468,000.000.239,接收,404,DATA,STANDARD,8,0703050303030603
00000469,000.000.264,接收,405,DATA,STANDARD,8,000000000B02CF0B
00000470,000.539.311,接收,406,DATA,STANDARD,8,D902000000001400
00000471,000.000.000,接收,407,DATA,STANDARD,8,000000FF0000FFFF
00000472,000.000.000,接收,408,DATA,STANDARD,8,0502000000009B01
00000473,000.000.000,接收,305,DATA,STANDARD,8,000002FF0D02FFFF
00000474,000.000.000,接收,103,DATA,STANDARD,8,5500000000FFFFFF
00000475,000.000.000,接收,501,DATA,STANDARD,8,0000000000000000
00000476,000.002.163,接收,231,DATA,STANDARD,6,0201031F0E00
00000477,000.001.897,接收,232,DATA,STANDARD,6,020103230C00
00000478,000.001.644,接收,31F,DATA,STANDARD,8,000005020402FF80
00000479,000.000.248,接收,320,DATA,STANDARD,8,00009B010D02FFFF
00000480,000.004.154,接收,201,DATA,STANDARD,8,000000000B030000
00000481,000.037.285,接收,401,DATA,STANDARD,8,1A00AC0D00000002
00000482,000.000.277,接收,402,DATA,STANDARD,8,02320354FFFF0920
00000483,000.000.236,接收,403,DATA,STANDARD,8,00009C000B030000
00000484,000.000.266,接收,404,DATA,STANDARD,8,0703050303030603
00000485,000.000.248,接收,405,DATA,STANDARD,8,000000000B02CF0B
00000486,000.000.268,接收,406,DATA,STANDARD,8,D902000000001400
00000487,000.000.255,接收,407,DATA,STANDARD,8,000000FF0000FFFF
00000488,000.000.260,接收,408,DATA,STANDARD,8,0502000000009B01
00000489,000.000.260,接收,305,DATA,STANDARD,8,000002FF0D02FFFF
00000490,000.000.256,接收,103,DATA,STANDARD,8,5500000000FFFFFF
00000491,000.000.280,接收,501,DATA,STANDARD,8,0000000000000000
00000492,000.002.137,接收,231,DATA,STANDARD,6,0201032B0E00
00000493,000.001.918,接收,232,DATA,STANDARD,6,020103230C00
00000494,000.001.666,接收,31F,DATA,STANDARD,8,000005020402FF80
00000495,000.000.232,接收,320,DATA,STANDARD,8,00009B010D02FFFF
00000496,000.003.001,接收,201,DATA,STANDARD,8,000000000B030000
00000497,000.038.439,接收,401,DATA,STANDARD,8,1A00AC0D00000002
00000498,000.000.280,接收,402,DATA,STANDARD,8,02320354FFFF0920
00000499,000.000.235,接收,403,DATA,STANDARD,8,00009C000B030000
00000500,000.000.281,接收,404,DATA,STANDARD,8,0703050303030603
00000501,000.000.233,接收,405,DATA,STANDARD,8,000000000B02CF0B
00000502,000.000.282,接收,406,DATA,STANDARD,8,D902000000001400
00000503,000.000.248,接收,407,DATA,STANDARD,8,000000FF0000FFFF
00000504,000.000.281,接收,408,DATA,STANDARD,8,0502000000009B01
00000505,000.000.239,接收,305,DATA,STANDARD,8,000002FF0D02FFFF
00000506,000.000.264,接收,103,DATA,STANDARD,8,5500000000FFFFFF
00000507,000.000.281,接收,501,DATA,STANDARD,8,0000000000000000
00000508,000.002.128,接收,231,DATA,STANDARD,6,0201031F0E00
00000509,000.001.903,接收,232,DATA,STANDARD,6,020103230C00
00000510,000.001.664,接收,31F,DATA,STANDARD,8,000005020402FF80
00000511,000.000.258,接收,320,DATA,STANDARD,8,00009B010D02FFFF
00000512,000.005.578,接收,201,DATA,STANDARD,8,000000000B030000
00000513,000.035.862,接收,401,DATA,STANDARD,8,1A00AC0D00000002
00000514,000.000.233,接收,402,DATA,STANDARD,8,02320354FFFF0920
00000515,000.000.280,接收,403,DATA,STANDARD,8,00009C000B030000
00000516,000.000.236,接收,404,DATA,STANDARD,8,0703050303030603
00000517,000.000.280,接收,405,DATA,STANDARD,8,000000000B02CF0B
00000518,000.000.236,接收,406,DATA,STANDARD,8,D902000000001400
00000519,000.000.298,接收,407,DATA,STANDARD,8,000000FF0000FFFF
00000520,000.000.235,接收,408,DATA,STANDARD,8,0502000000009B01
00000521,000.690.090,接收,305,DATA,STANDARD,8,000002FF0D02FFFF
00000522,000.000.000,接收,103,DATA,STANDARD,8,5500000000FFFFFF
00000523,000.000.000,接收,501,DATA,STANDARD,8,0000000000000000
00000524,000.000.000,接收,231,DATA,STANDARD,6,0201031F0E00
00000525,000.000.000,接收,232,DATA,STANDARD,6,020103230C00
00000526,000.000.000,接收,31F,DATA,STANDARD,8,000005020402FF80
00000527,000.000.237,接收,320,DATA,STANDARD,8,00009B010D02FFFF
00000528,000.004.451,接收,201,DATA,STANDARD,8,000000000B030000
00000529,000.037.009,接收,401,DATA,STANDARD,8,1A00AC0D00000002
00000530,000.000.258,接收,402,DATA,STANDARD,8,02320354FFFF0920
00000531,000.000.256,接收,403,DATA,STANDARD,8,00009C000B030000
00000532,000.000.259,接收,404,DATA,STANDARD,8,0703050303030603
00000533,000.000.256,接收,405,DATA,STANDARD,8,000000000B02CF0B
00000534,000.000.259,接收,406,DATA,STANDARD,8,D902000000001400
00000535,000.000.281,接收,407,DATA,STANDARD,8,000000FF0000FFFF
00000536,000.739.825,接收,408,DATA,STANDARD,8,0502000000009B01
00000537,000.000.000,接收,305,DATA,STANDARD,8,000002FF0D02FFFF
00000538,000.000.000,接收,103,DATA,STANDARD,8,5500000000FFFFFF
00000539,000.000.000,接收,501,DATA,STANDARD,8,0000000000000000
00000540,000.000.000,接收,231,DATA,STANDARD,6,0201031F0E00
00000541,000.000.000,接收,232,DATA,STANDARD,6,020103230C00
00000542,000.001.641,接收,31F,DATA,STANDARD,8,000005020402FF80
00000543,000.000.235,接收,320,DATA,STANDARD,8,00009B010D02FFFF
00000544,000.003.284,接收,201,DATA,STANDARD,8,000000000B030000
00000545,000.038.060,接收,401,DATA,STANDARD,8,1A00AC0D00000002
00000546,000.000.237,接收,402,DATA,STANDARD,8,02320354FFFF0920
00000547,000.000.279,接收,403,DATA,STANDARD,8,00009C000B030000
00000548,000.000.234,接收,404,DATA,STANDARD,8,0703050303030603
00000549,000.000.281,接收,405,DATA,STANDARD,8,000000000B02CF0B
00000550,000.000.235,接收,406,DATA,STANDARD,8,D902000000001400
00000551,000.000.281,接收,407,DATA,STANDARD,8,000000FF0000FFFF
00000552,000.000.250,接收,408,DATA,STANDARD,8,0502000000009B01
00000553,000.000.278,接收,305,DATA,STANDARD,8,000002FF0D02FFFF
00000554,000.000.244,接收,103,DATA,STANDARD,8,5500000000FFFFFF
00000555,000.000.259,接收,501,DATA,STANDARD,8,0000000000000000
00000556,000.002.156,接收,231,DATA,STANDARD,6,0201031F0E00
00000557,000.001.921,接收,232,DATA,STANDARD,6,020103230C00
00000558,000.001.642,接收,31F,DATA,STANDARD,8,000005020502FF80
00000559,000.000.234,接收,320,DATA,STANDARD,8,00009B010D02FFFF
00000560,000.006.000,接收,201,DATA,STANDARD,8,000000000B030000
00000561,000.035.577,接收,401,DATA,STANDARD,8,1A00AC0D00000002
00000562,000.000.258,接收,402,DATA,STANDARD,8,02320354FFFF0920
00000563,000.000.259,接收,403,DATA,STANDARD,8,00009C000B030000
00000564,000.000.257,接收,404,DATA,STANDARD,8,0703050303030603
00000565,000.000.258,接收,405,DATA,STANDARD,8,000000000B02CF0B
00000566,000.000.258,接收,406,DATA,STANDARD,8,D902000000001400
00000567,000.000.258,接收,407,DATA,STANDARD,8,000000FF0000FFFF
00000568,000.000.293,接收,408,DATA,STANDARD,8,0502000000009B01
00000569,000.000.224,接收,305,DATA,STANDARD,8,000002FF0D02FFFF
00000570,000.000.281,接收,103,DATA,STANDARD,8,5500000000FFFFFF
00000571,000.000.256,接收,501,DATA,STANDARD,8,0000000000000000
00000572,000.002.133,接收,231,DATA,STANDARD,6,0201031F0E00
00000573,000.001.923,接收,232,DATA,STANDARD,6,020103230C00
00000574,000.001.658,接收,31F,DATA,STANDARD,8,000005020502FF80
00000575,000.000.239,接收,320,DATA,STANDARD,8,00009B010D02FFFF
00000576,000.004.692,接收,201,DATA,STANDARD,8,000000000A030000
00000577,000.036.769,接收,401,DATA,STANDARD,8,1A00AC0D00000002
00000578,000.000.235,接收,402,DATA,STANDARD,8,02320354FFFF0920
00000579,000.000.281,接收,403,DATA,STANDARD,8,00009C000B030000
00000580,000.000.235,接收,404,DATA,STANDARD,8,0703050303030603
00000581,000.000.262,接收,405,DATA,STANDARD,8,000000000B02CF0B
00000582,000.889.308,接收,406,DATA,STANDARD,8,D902000000001400
00000583,000.000.000,接收,407,DATA,STANDARD,8,000000FF0000FFFF
00000584,000.000.000,接收,408,DATA,STANDARD,8,0502000000009B01
00000585,000.000.000,接收,305,DATA,STANDARD,8,000002FF0D02FFFF
00000586,000.000.000,接收,103,DATA,STANDARD,8,5500000000FFFFFF
00000587,000.000.000,接收,501,DATA,STANDARD,8,0000000000000000
00000588,000.002.157,接收,231,DATA,STANDARD,6,0201031F0E00
00000589,000.001.920,接收,232,DATA,STANDARD,6,020103270C00
00000590,000.001.641,接收,31F,DATA,STANDARD,8,000005020502FF80
00000591,000.000.236,接收,320,DATA,STANDARD,8,00009B010D02FFFF
00000592,000.003.515,接收,201,DATA,STANDARD,8,000000000A030000
00000593,000.037.934,接收,401,DATA,STANDARD,8,1A00AC0D00000002
00000594,000.000.269,接收,402,DATA,STANDARD,8,02320354FFFF0920
00000595,000.000.235,接收,403,DATA,STANDARD,8,00009C000B030000
00000596,000.000.280,接收,404,DATA,STANDARD,8,0703050303030603
00000597,000.000.235,接收,405,DATA,STANDARD,8,000000000B02CF0B
00000598,000.000.294,接收,406,DATA,STANDARD,8,D902000000001400
00000599,000.000.237,接收,407,DATA,STANDARD,8,000000FF0000FFFF
00000600,000.000.266,接收,408,DATA,STANDARD,8,0502000000009B01
00000601,000.000.254,接收,305,DATA,STANDARD,8,000002FF0D02FFFF
00000602,000.000.260,接收,103,DATA,STANDARD,8,5500000000FFFFFF
00000603,000.000.283,接收,501,DATA,STANDARD,8,0000000000000000
00000604,000.002.124,接收,231,DATA,STANDARD,6,0201032B0E00
00000605,000.001.928,接收,232,DATA,STANDARD,6,020103230C00
00000606,000.001.645,接收,31F,DATA,STANDARD,8,000005020402FF80
00000607,000.000.256,接收,320,DATA,STANDARD,8,00009B010D02FFFF
00000608,000.002.318,接收,201,DATA,STANDARD,8,000000000A030000
00000609,000.089.135,接收,401,DATA,STANDARD,8,1A00AC0D00000002
00000610,000.000.247,接收,402,DATA,STANDARD,8,02320354FFFF0920
00000611,000.000.269,接收,403,DATA,STANDARD,8,00009C000B030000
00000612,000.000.236,接收,404,DATA,STANDARD,8,0703050303030603
00000613,000.000.279,接收,405,DATA,STANDARD,8,000000000B02CF0B
00000614,000.000.237,接收,406,DATA,STANDARD,8,D902000000001400
00000615,000.039.590,接收,407,DATA,STANDARD,8,000000FF0000FFFF
00000616,000.000.000,接收,408,DATA,STANDARD,8,0502000000009B01
00000617,000.000.000,接收,305,DATA,STANDARD,8,000002FF0D02FFFF
00000618,000.000.000,接收,103,DATA,STANDARD,8,5500000000FFFFFF
00000619,000.000.000,接收,501,DATA,STANDARD,8,0000000000000000
00000620,000.000.000,接收,231,DATA,STANDARD,6,0201031F0E00
00000621,000.001.922,接收,232,DATA,STANDARD,6,020103230C00
00000622,000.001.640,接收,31F,DATA,STANDARD,8,000005020402FF80
00000623,000.000.235,接收,320,DATA,STANDARD,8,00009B010D02FFFF
00000624,000.003.327,接收,201,DATA,STANDARD,8,000000000A030000
00000625,000.038.132,接收,401,DATA,STANDARD,8,1A00AC0D00000002
00000626,000.000.260,接收,402,DATA,STANDARD,8,02320354FFFF0920
00000627,000.000.252,接收,403,DATA,STANDARD,8,00009C000B030000
00000628,000.000.264,接收,404,DATA,STANDARD,8,0703050303030603
00000629,000.000.250,接收,405,DATA,STANDARD,8,000000000B02CF0B
00000630,000.000.265,接收,406,DATA,STANDARD,8,D902000000001400
00000631,000.000.259,接收,407,DATA,STANDARD,8,000000FF0000FFFF
00000632,000.000.269,接收,408,DATA,STANDARD,8,0502000000009B01
00000633,000.000.269,接收,305,DATA,STANDARD,8,000002FF0D02FFFF
00000634,000.000.235,接收,103,DATA,STANDARD,8,5500000000FFFFFF
00000635,000.000.281,接收,501,DATA,STANDARD,8,0000000000000000
00000636,000.002.136,接收,231,DATA,STANDARD,6,0201031F0E00
00000637,000.001.916,接收,232,DATA,STANDARD,6,020103230C00
00000638,000.001.667,接收,31F,DATA,STANDARD,8,000005020402FF80
00000639,000.000.234,接收,320,DATA,STANDARD,8,00009B010D02FFFF
00000640,000.005.860,接收,201,DATA,STANDARD,8,000000000A030000
00000641,000.035.437,接收,401,DATA,STANDARD,8,1A00AC0D00000002
00000642,000.000.251,接收,402,DATA,STANDARD,8,02320354FFFF0920
00000643,000.000.264,接收,403,DATA,STANDARD,8,00009C000B030000
00000644,000.000.254,接收,404,DATA,STANDARD,8,0703050303030603
00000645,000.000.262,接收,405,DATA,STANDARD,8,000000000B02CF0B
00000646,000.000.252,接收,406,DATA,STANDARD,8,D902000000001400
00000647,000.000.264,接收,407,DATA,STANDARD,8,000000FF0000FFFF
00000648,000.000.260,接收,408,DATA,STANDARD,8,0502000000009B01
00000649,000.139.949,接收,305,DATA,STANDARD,8,000002FF0D02FFFF
00000650,000.000.000,接收,103,DATA,STANDARD,8,5500000000FFFFFF
00000651,000.000.000,接收,501,DATA,STANDARD,8,0000000000000000
00000652,000.000.000,接收,231,DATA,STANDARD,6,0201031F0E00
00000653,000.000.000,接收,232,DATA,STANDARD,6,020103230C00
00000654,000.000.000,接收,31F,DATA,STANDARD,8,000005020402FF80
00000655,000.000.247,接收,320,DATA,STANDARD,8,00009B010D02FFFF
00000656,000.004.830,接收,201,DATA,STANDARD,8,000000000A030000
00000657,000.036.778,接收,401,DATA,STANDARD,8,1A00AC0D00000002
00000658,000.000.248,接收,402,DATA,STANDARD,8,02320354FFFF0920
00000659,000.000.270,接收,403,DATA,STANDARD,8,00009C000B030000
00000660,000.000.246,接收,404,DATA,STANDARD,8,0703050303030603
00000661,000.000.269,接收,405,DATA,STANDARD,8,000000000B02CF0B
00000662,000.000.252,接收,406,DATA,STANDARD,8,D902000000001400
00000663,000.000.264,接收,407,DATA,STANDARD,8,000000FF0000FFFF
00000664,000.189.847,接收,408,DATA,STANDARD,8,0502000000009B01
00000665,000.000.000,接收,305,DATA,STANDARD,8,000002FF0D02FFFF
00000666,000.000.000,接收,103,DATA,STANDARD,8,5500000000FFFFFF
00000667,000.000.000,接收,501,DATA,STANDARD,8,0000000000000000
00000668,000.000.000,接收,231,DATA,STANDARD,6,0201031F0E00
00000669,000.000.000,接收,232,DATA,STANDARD,6,020103230C00
00000670,000.001.640,接收,31F,DATA,STANDARD,8,000005020402FF80
00000671,000.000.248,接收,320,DATA,STANDARD,8,00009B010D02FFFF
00000672,000.003.502,接收,201,DATA,STANDARD,8,000000000A030000
00000673,000.037.970,接收,401,DATA,STANDARD,8,1A00AC0D00000002
00000674,000.000.256,接收,402,DATA,STANDARD,8,02320354FFFF0920
00000675,000.000.260,接收,403,DATA,STANDARD,8,00009C000A030000
00000676,000.000.258,接收,404,DATA,STANDARD,8,0703050303030603
00000677,000.000.271,接收,405,DATA,STANDARD,8,000000000B02CF0B
00000678,000.000.246,接收,406,DATA,STANDARD,8,D902000000001400
00000679,000.000.256,接收,407,DATA,STANDARD,8,000000FF0000FFFF
00000680,000.000.280,接收,408,DATA,STANDARD,8,0502000000009B01
00000681,000.000.248,接收,305,DATA,STANDARD,8,000002FF0D02FFFF
00000682,000.000.269,接收,103,DATA,STANDARD,8,5500000000FFFFFF
00000683,000.000.259,接收,501,DATA,STANDARD,8,0000000000000000
00000684,000.002.148,接收,231,DATA,STANDARD,6,0201031F0E00
00000685,000.001.920,接收,232,DATA,STANDARD,6,020103230C00
00000686,000.001.645,接收,31F,DATA,STANDARD,8,000005020502FF80
00000687,000.000.240,接收,320,DATA,STANDARD,8,00009B010D02FFFF
00000688,000.002.275,接收,201,DATA,STANDARD,8,000000000A030000
00000689,000.039.137,接收,401,DATA,STANDARD,8,1A00AC0D00000002
00000690,000.000.259,接收,402,DATA,STANDARD,8,02320354FFFF0920
00000691,000.000.257,接收,403,DATA,STANDARD,8,00009C000A030000
00000692,000.000.261,接收,404,DATA,STANDARD,8,0703050303030603
00000693,000.000.254,接收,405,DATA,STANDARD,8,000000000B02CF0B
00000694,000.289.320,接收,406,DATA,STANDARD,8,D902000000001400
00000695,000.000.000,接收,407,DATA,STANDARD,8,000000FF0000FFFF
00000696,000.000.000,接收,408,DATA,STANDARD,8,0502000000009B01
00000697,000.000.000,接收,305,DATA,STANDARD,8,000002FF0D02FFFF
00000698,000.000.000,接收,103,DATA,STANDARD,8,5500000000FFFFFF
00000699,000.000.000,接收,501,DATA,STANDARD,8,0000000000000000
00000700,000.002.177,接收,231,DATA,STANDARD,6,0201032B0E00
00000701,000.001.876,接收,232,DATA,STANDARD,6,020103230C00
00000702,000.001.659,接收,31F,DATA,STANDARD,8,000005020402FF80
00000703,000.000.240,接收,320,DATA,STANDARD,8,00009B010D02FFFF
00000704,000.004.851,接收,201,DATA,STANDARD,8,000000000A030000
00000705,000.036.608,接收,401,DATA,STANDARD,8,1A00AC0D00000002
00000706,000.000.248,接收,402,DATA,STANDARD,8,02320354FFFF0920
00000707,000.000.268,接收,403,DATA,STANDARD,8,00009C000A030000
00000708,000.000.250,接收,404,DATA,STANDARD,8,0703050303030603
00000709,000.000.265,接收,405,DATA,STANDARD,8,000000000B02CF0B
00000710,000.339.325,接收,406,DATA,STANDARD,8,D902000000001400
00000711,000.000.000,接收,407,DATA,STANDARD,8,000000FF0000FFFF
00000712,000.000.000,接收,408,DATA,STANDARD,8,0502000000009B01
00000713,000.000.000,接收,305,DATA,STANDARD,8,000002FF0D02FFFF
00000714,000.000.000,接收,103,DATA,STANDARD,8,5500000000FFFFFF
00000715,000.000.000,接收,501,DATA,STANDARD,8,0000000000000000
00000716,000.002.156,接收,231,DATA,STANDARD,6,0201031F0E00
00000717,000.001.908,接收,232,DATA,STANDARD,6,020103230C00
00000718,000.001.639,接收,31F,DATA,STANDARD,8,000005020402FF80
00000719,000.000.248,接收,320,DATA,STANDARD,8,00009B010D02FFFF
00000720,000.003.689,接收,201,DATA,STANDARD,8,000000000A030000
00000721,000.037.763,接收,401,DATA,STANDARD,8,1A00AC0D00000002
00000722,000.000.252,接收,402,DATA,STANDARD,8,02320354FFFF0920
00000723,000.000.262,接收,403,DATA,STANDARD,8,00009C000A030000
00000724,000.000.255,接收,404,DATA,STANDARD,8,0703050303030603
00000725,000.000.259,接收,405,DATA,STANDARD,8,000000000B02CF0B
00000726,000.000.274,接收,406,DATA,STANDARD,8,D902000000001400
00000727,000.000.264,接收,407,DATA,STANDARD,8,000000FF0000FFFF
00000728,000.000.246,接收,408,DATA,STANDARD,8,0502000000009B01
00000729,000.000.269,接收,305,DATA,STANDARD,8,000002FF0D02FFFF
00000730,000.000.253,接收,103,DATA,STANDARD,8,5500000000FFFFFF
00000731,000.390.637,接收,501,DATA,STANDARD,8,0000000000000000
00000732,000.000.000,接收,231,DATA,STANDARD,6,0201031F0E00
00000733,000.000.000,接收,232,DATA,STANDARD,6,020103230C00
00000734,000.000.000,接收,31F,DATA,STANDARD,8,000005020402FF80
00000735,000.000.000,接收,320,DATA,STANDARD,8,00009B010D02FFFF
00000736,000.000.000,接收,201,DATA,STANDARD,8,000000000A030000
00000737,000.088.966,接收,401,DATA,STANDARD,8,1A00AC0D00000002
00000738,000.000.253,接收,402,DATA,STANDARD,8,02320354FFFF0920
00000739,000.000.264,接收,403,DATA,STANDARD,8,00009C000A030000
00000740,000.000.254,接收,404,DATA,STANDARD,8,0703050303030603
00000741,000.000.262,接收,405,DATA,STANDARD,8,000000000B02CF0B
00000742,000.000.254,接收,406,DATA,STANDARD,8,D902000000001400
00000743,000.000.260,接收,407,DATA,STANDARD,8,000000FF0000FFFF
00000744,000.489.870,接收,408,DATA,STANDARD,8,0502000000009B01
00000745,000.000.000,接收,305,DATA,STANDARD,8,000002FF0D02FFFF
00000746,000.000.000,接收,103,DATA,STANDARD,8,5500000000FFFFFF
00000747,000.000.000,接收,501,DATA,STANDARD,8,0000000000000000
00000748,000.000.000,接收,231,DATA,STANDARD,6,0201032B0E00
00000749,000.000.000,接收,232,DATA,STANDARD,6,020103230C00
00000750,000.001.656,接收,31F,DATA,STANDARD,8,000006020402FF80
00000751,000.000.240,接收,320,DATA,STANDARD,8,00009B010D02FFFF
00000752,000.003.543,接收,201,DATA,STANDARD,8,000000000B030000
00000753,000.087.905,接收,401,DATA,STANDARD,8,1A00AC0D00000002
00000754,000.000.287,接收,402,DATA,STANDARD,8,02320354FFFF0920
00000755,000.000.227,接收,403,DATA,STANDARD,8,00009C000A030000
00000756,000.000.269,接收,404,DATA,STANDARD,8,0703050303030603
00000757,000.000.245,接收,405,DATA,STANDARD,8,000000000B02CF0B
00000758,000.000.270,接收,406,DATA,STANDARD,8,D902000000001400
00000759,000.000.254,接收,407,DATA,STANDARD,8,000000FF0000FFFF
00000760,000.000.262,接收,408,DATA,STANDARD,8,0502000000009B01
00000761,000.000.260,接收,305,DATA,STANDARD,8,000002FF0D02FFFF
00000762,000.000.254,接收,103,DATA,STANDARD,8,5500000000FFFFFF
00000763,000.000.281,接收,501,DATA,STANDARD,8,0000000000000000
00000764,000.002.156,接收,231,DATA,STANDARD,6,0201031F0E00
00000765,000.001.922,接收,232,DATA,STANDARD,6,020103230C00
00000766,000.001.641,接收,31F,DATA,STANDARD,8,000005020502FF80
00000767,000.000.234,接收,320,DATA,STANDARD,8,00009B010D02FFFF
00000768,000.004.595,接收,201,DATA,STANDARD,8,000000000B030000
00000769,000.086.858,接收,401,DATA,STANDARD,8,1A00AC0D00000002
00000770,000.000.234,接收,402,DATA,STANDARD,8,02320354FFFF0920
00000771,000.000.281,接收,403,DATA,STANDARD,8,00009C000A030000
00000772,000.000.237,接收,404,DATA,STANDARD,8,0703050303030603
00000773,000.000.280,接收,405,DATA,STANDARD,8,000000000B02CF0B
00000774,000.000.237,接收,406,DATA,STANDARD,8,D902000000001400
00000775,000.000.279,接收,407,DATA,STANDARD,8,000000FF0000FFFF
00000776,000.000.254,接收,408,DATA,STANDARD,8,0502000000009B01
00000777,000.000.273,接收,305,DATA,STANDARD,8,000002FF0D02FFFF
00000778,000.000.249,接收,103,DATA,STANDARD,8,5500000000FFFFFF
00000779,000.000.257,接收,501,DATA,STANDARD,8,0000000000000000
00000780,000.002.167,接收,231,DATA,STANDARD,6,0201031F0E00
00000781,000.001.909,接收,232,DATA,STANDARD,6,020103230C00
00000782,000.001.641,接收,31F,DATA,STANDARD,8,000005020402FF80
00000783,000.000.235,接收,320,DATA,STANDARD,8,00009B010D02FFFF
00000784,000.005.673,接收,201,DATA,STANDARD,8,000000000B030000
00000785,000.035.809,接收,401,DATA,STANDARD,8,1A00AC0D00000002
00000786,000.000.258,接收,402,DATA,STANDARD,8,02320354FFFF0920
00000787,000.000.259,接收,403,DATA,STANDARD,8,00009B000B030000
00000788,000.000.257,接收,404,DATA,STANDARD,8,0703050303030603
00000789,000.000.257,接收,405,DATA,STANDARD,8,000000000B02CF0B
00000790,000.000.259,接收,406,DATA,STANDARD,8,D902000000001400
00000791,000.000.258,接收,407,DATA,STANDARD,8,000000FF0000FFFF
00000792,000.000.281,接收,408,DATA,STANDARD,8,0502000000009B01
00000793,000.000.237,接收,305,DATA,STANDARD,8,000002FF0D02FFFF
00000794,000.000.280,接收,103,DATA,STANDARD,8,5500000000FFFFFF
00000795,000.000.259,接收,501,DATA,STANDARD,8,0000000000000000
00000796,000.002.156,接收,231,DATA,STANDARD,6,0201031F0E00
00000797,000.001.896,接收,232,DATA,STANDARD,6,020103230C00
00000798,000.001.658,接收,31F,DATA,STANDARD,8,000005020402FF80
00000799,000.000.239,接收,320,DATA,STANDARD,8,00009B010D02FFFF
00000800,000.004.479,接收,201,DATA,STANDARD,8,000000000B030000
00000801,000.036.936,接收,401,DATA,STANDARD,8,1A00AC0D00000002
00000802,000.000.257,接收,402,DATA,STANDARD,8,02320354FFFF0920
00000803,000.000.259,接收,403,DATA,STANDARD,8,00009B000B030000
00000804,000.000.257,接收,404,DATA,STANDARD,8,0703050303030603
00000805,000.000.260,接收,405,DATA,STANDARD,8,000000000B02CF0B
00000806,000.000.256,接收,406,DATA,STANDARD,8,D902000000001400
00000807,000.000.259,接收,407,DATA,STANDARD,8,000000FF0000FFFF
00000808,000.000.280,接收,408,DATA,STANDARD,8,0502000000009B01
00000809,000.000.236,接收,305,DATA,STANDARD,8,000002FF0D02FFFF
00000810,000.000.281,接收,103,DATA,STANDARD,8,5500000000FFFFFF
00000811,000.000.261,接收,501,DATA,STANDARD,8,0000000000000000
00000812,000.002.130,接收,231,DATA,STANDARD,6,0201031F0E00
00000813,000.001.921,接收,232,DATA,STANDARD,6,020103230C00
00000814,000.001.656,接收,31F,DATA,STANDARD,8,000005020402FF80
00000815,000.000.239,接收,320,DATA,STANDARD,8,00009B010D02FFFF
00000816,000.003.355,接收,201,DATA,STANDARD,8,000000000B030000
00000817,000.038.109,接收,401,DATA,STANDARD,8,1A00AC0D00000002
00000818,000.000.248,接收,402,DATA,STANDARD,8,02320354FFFF0920
00000819,000.000.281,接收,403,DATA,STANDARD,8,00009B000B030000
00000820,000.000.235,接收,404,DATA,STANDARD,8,0703050303030603
00000821,000.000.268,接收,405,DATA,STANDARD,8,000000000B02CF0B
00000822,000.000.248,接收,406,DATA,STANDARD,8,D902000000001400
00000823,000.000.267,接收,407,DATA,STANDARD,8,000000FF0000FFFF
00000824,000.000.257,接收,408,DATA,STANDARD,8,0502000000009B01
00000825,000.000.260,接收,305,DATA,STANDARD,8,000002FF0D02FFFF
00000826,000.000.280,接收,103,DATA,STANDARD,8,5500000000FFFFFF
00000827,000.000.248,接收,501,DATA,STANDARD,8,0000000000000000
00000828,000.002.160,接收,231,DATA,STANDARD,6,0201031F0E00
00000829,000.001.905,接收,232,DATA,STANDARD,6,020103230C00
00000830,000.001.641,接收,31F,DATA,STANDARD,8,000005020402FF80
00000831,000.000.237,接收,320,DATA,STANDARD,8,00009B010D02FFFF
00000832,000.002.219,接收,201,DATA,STANDARD,8,000000000B030000
00000833,000.039.239,接收,401,DATA,STANDARD,8,1A00AC0D00000002
00000834,000.000.258,接收,402,DATA,STANDARD,8,02320354FFFF0920
00000835,000.000.254,接收,403,DATA,STANDARD,8,00009B000B030000
00000836,000.000.261,接收,404,DATA,STANDARD,8,0703050303030603
00000837,000.000.253,接收,405,DATA,STANDARD,8,000000000B02CF0B
00000838,000.000.263,接收,406,DATA,STANDARD,8,D902000000001400
00000839,000.000.261,接收,407,DATA,STANDARD,8,000000FF0000FFFF
00000840,000.000.255,接收,408,DATA,STANDARD,8,0502000000009B01
00000841,000.000.293,接收,305,DATA,STANDARD,8,000002FF0D02FFFF
00000842,000.000.234,接收,103,DATA,STANDARD,8,5500000000FFFFFF
00000843,000.000.269,接收,501,DATA,STANDARD,8,0000000000000000
00000844,000.002.156,接收,231,DATA,STANDARD,6,0201031F0E00
00000845,000.001.902,接收,232,DATA,STANDARD,6,020103230C00
00000846,000.001.662,接收,31F,DATA,STANDARD,8,000005020502FF80
00000847,000.000.232,接收,320,DATA,STANDARD,8,00009B010D02FFFF
00000848,000.004.783,接收,201,DATA,STANDARD,8,000000000B030000
00000849,000.036.514,接收,401,DATA,STANDARD,8,1A00AC0D00000002
00000850,000.000.255,接收,402,DATA,STANDARD,8,02320354FFFF0920
00000851,000.000.263,接收,403,DATA,STANDARD,8,00009B000B030000
00000852,000.000.253,接收,404,DATA,STANDARD,8,0703050303030603
00000853,000.000.261,接收,405,DATA,STANDARD,8,000000000B02CF0B
00000854,000.000.255,接收,406,DATA,STANDARD,8,D902000000001400
00000855,000.000.261,接收,407,DATA,STANDARD,8,000000FF0000FFFF
00000856,000.000.281,接收,408,DATA,STANDARD,8,0502000000009B01
00000857,000.000.247,接收,305,DATA,STANDARD,8,000002FF0D02FFFF
00000858,000.000.270,接收,103,DATA,STANDARD,8,5500000000FFFFFF
00000859,000.000.254,接收,501,DATA,STANDARD,8,0000000000000000
00000860,000.002.158,接收,231,DATA,STANDARD,6,0201032B0E00
00000861,000.001.916,接收,232,DATA,STANDARD,6,020103230C00
00000862,000.001.638,接收,31F,DATA,STANDARD,8,000005020402FF80
00000863,000.000.239,接收,320,DATA,STANDARD,8,00009B010D02FFFF
00000864,000.003.792,接收,201,DATA,STANDARD,8,000000000B030000
00000865,000.037.814,接收,401,DATA,STANDARD,8,1A00AC0D00000002
00000866,000.000.248,接收,402,DATA,STANDARD,8,02320354FFFF0920
00000867,000.000.268,接收,403,DATA,STANDARD,8,00009B000B030000
00000868,000.000.248,接收,404,DATA,STANDARD,8,0703050303030603
00000869,000.000.268,接收,405,DATA,STANDARD,8,000000000B02CF0B
00000870,000.989.338,接收,406,DATA,STANDARD,8,D902000000001400
00000871,000.000.000,接收,407,DATA,STANDARD,8,000000FF0000FFFF
00000872,000.000.000,接收,408,DATA,STANDARD,8,0502000000009B01
00000873,000.000.000,接收,305,DATA,STANDARD,8,000002FF0D02FFFF
00000874,000.000.000,接收,103,DATA,STANDARD,8,5500000000FFFFFF
00000875,000.000.000,接收,501,DATA,STANDARD,8,0000000000000000
00000876,000.002.158,接收,231,DATA,STANDARD,6,0201032B0E00
00000877,000.001.907,接收,232,DATA,STANDARD,6,020103230C00
00000878,000.001.641,接收,31F,DATA,STANDARD,8,000005020402FF80
00000879,000.000.236,接收,320,DATA,STANDARD,8,00009B010D02FFFF
00000880,000.002.497,接收,201,DATA,STANDARD,8,000000000B030000
00000881,000.038.985,接收,401,DATA,STANDARD,8,1A00AC0D00000002
00000882,000.000.234,接收,402,DATA,STANDARD,8,02320354FFFF0920
00000883,000.000.261,接收,403,DATA,STANDARD,8,00009B000B030000
00000884,000.000.254,接收,404,DATA,STANDARD,8,0703050303030603
00000885,000.000.260,接收,405,DATA,STANDARD,8,000000000B02CF0B
00000886,000.000.257,接收,406,DATA,STANDARD,8,D902000000001400
00000887,000.000.282,接收,407,DATA,STANDARD,8,000000FF0000FFFF
00000888,000.000.236,接收,408,DATA,STANDARD,8,0502000000009B01
00000889,000.000.279,接收,305,DATA,STANDARD,8,000002FF0D02FFFF
00000890,000.000.252,接收,103,DATA,STANDARD,8,5500000000FFFFFF
00000891,000.000.264,接收,501,DATA,STANDARD,8,0000000000000000
00000892,000.002.156,接收,231,DATA,STANDARD,6,0201031F0E00
00000893,000.001.922,接收,232,DATA,STANDARD,6,020103230C00
00000894,000.001.640,接收,31F,DATA,STANDARD,8,000005020402FF80
00000895,000.000.235,接收,320,DATA,STANDARD,8,00009B010D02FFFF
00000896,000.005.036,接收,201,DATA,STANDARD,8,000000000A030000
00000897,000.036.416,接收,401,DATA,STANDARD,8,1A00AC0D00000002
00000898,000.000.266,接收,402,DATA,STANDARD,8,02320354FFFF0920
00000899,000.000.237,接收,403,DATA,STANDARD,8,00009B000B030000
00000900,000.000.279,接收,404,DATA,STANDARD,8,0703050303030603
00000901,000.000.235,接收,405,DATA,STANDARD,8,000000000B02CF0B
00000902,000.000.300,接收,406,DATA,STANDARD,8,D902000000001400
00000903,000.000.233,接收,407,DATA,STANDARD,8,000000FF0000FFFF
00000904,000.000.263,接收,408,DATA,STANDARD,8,0502000000009B01
00000905,000.000.257,接收,305,DATA,STANDARD,8,000002FF0D02FFFF
00000906,000.000.258,接收,103,DATA,STANDARD,8,5500000000FFFFFF
00000907,000.000.283,接收,501,DATA,STANDARD,8,0000000000000000
00000908,000.002.155,接收,231,DATA,STANDARD,6,0201031F0E00
00000909,000.001.922,接收,232,DATA,STANDARD,6,020103230C00
00000910,000.001.642,接收,31F,DATA,STANDARD,8,000005020402FF80
00000911,000.000.232,接收,320,DATA,STANDARD,8,00009B010D02FFFF
00000912,000.003.844,接收,201,DATA,STANDARD,8,000000000A030000
00000913,000.037.594,接收,401,DATA,STANDARD,8,1A00AC0D00000002
00000914,000.000.253,接收,402,DATA,STANDARD,8,02320354FFFF0920
00000915,000.000.263,接收,403,DATA,STANDARD,8,00009B000B030000
00000916,000.000.253,接收,404,DATA,STANDARD,8,0703050303030603
00000917,000.000.276,接收,405,DATA,STANDARD,8,000000000B02CF0B
00000918,000.000.241,接收,406,DATA,STANDARD,8,D902000000001400
00000919,000.000.262,接收,407,DATA,STANDARD,8,000000FF0000FFFF
00000920,000.000.281,接收,408,DATA,STANDARD,8,0502000000009B01
00000921,000.000.234,接收,305,DATA,STANDARD,8,000002FF0D02FFFF
00000922,000.140.402,接收,103,DATA,STANDARD,8,5500000000FFFFFF
00000923,000.000.000,接收,501,DATA,STANDARD,8,0000000000000000
00000924,000.000.000,接收,231,DATA,STANDARD,6,0201031F0E00
00000925,000.000.000,接收,232,DATA,STANDARD,6,020103230C00
00000926,000.000.000,接收,31F,DATA,STANDARD,8,000005020402FF80
00000927,000.000.000,接收,320,DATA,STANDARD,8,00009B010D02FFFF
00000928,000.002.680,接收,201,DATA,STANDARD,8,000000000A030000
00000929,000.038.802,接收,401,DATA,STANDARD,8,1A00AC0D00000002
00000930,000.000.266,接收,402,DATA,STANDARD,8,02320354FFFF0920
00000931,000.000.248,接收,403,DATA,STANDARD,8,00009C000A030000
00000932,000.000.267,接收,404,DATA,STANDARD,8,0703050303030603
00000933,000.000.248,接收,405,DATA,STANDARD,8,000000000B02CF0B
00000934,000.000.268,接收,406,DATA,STANDARD,8,D902000000001400
00000935,000.000.256,接收,407,DATA,STANDARD,8,000000FF0000FFFF
00000936,000.000.272,接收,408,DATA,STANDARD,8,0502000000009B01
00000937,000.000.249,接收,305,DATA,STANDARD,8,000002FF0D02FFFF
00000938,000.000.254,接收,103,DATA,STANDARD,8,5500000000FFFFFF
00000939,000.000.280,接收,501,DATA,STANDARD,8,0000000000000000
00000940,000.002.157,接收,231,DATA,STANDARD,6,0201031F0E00
00000941,000.001.891,接收,232,DATA,STANDARD,6,020103230C00
00000942,000.001.674,接收,31F,DATA,STANDARD,8,000005020402FF80
00000943,000.000.232,接收,320,DATA,STANDARD,8,00009B010D02FFFF
00000944,000.005.179,接收,201,DATA,STANDARD,8,000000000A030000
00000945,000.036.227,接收,401,DATA,STANDARD,8,1A00AC0D00000002
00000946,000.000.267,接收,402,DATA,STANDARD,8,02320354FFFF0920
00000947,000.000.248,接收,403,DATA,STANDARD,8,00009C000A030000
00000948,000.000.267,接收,404,DATA,STANDARD,8,0703050303030603
00000949,000.000.247,接收,405,DATA,STANDARD,8,000000000B02CF0B
00000950,000.000.269,接收,406,DATA,STANDARD,8,D902000000001400
00000951,000.000.255,接收,407,DATA,STANDARD,8,000000FF0000FFFF
00000952,000.000.260,接收,408,DATA,STANDARD,8,0502000000009B01
00000953,000.240.131,接收,305,DATA,STANDARD,8,000002FF0D02FFFF
00000954,000.000.000,接收,103,DATA,STANDARD,8,5500000000FFFFFF
00000955,000.000.000,接收,501,DATA,STANDARD,8,0000000000000000
00000956,000.000.000,接收,231,DATA,STANDARD,6,0201031F0E00
00000957,000.000.000,接收,232,DATA,STANDARD,6,020103230C00
00000958,000.000.000,接收,31F,DATA,STANDARD,8,000005020402FF80
00000959,000.000.235,接收,320,DATA,STANDARD,8,00009B010D02FFFF
00000960,000.004.031,接收,201,DATA,STANDARD,8,000000000A030000
00000961,000.037.406,接收,401,DATA,STANDARD,8,1A00AC0D00000002
00000962,000.000.260,接收,402,DATA,STANDARD,8,02320354FFFF0920
00000963,000.000.274,接收,403,DATA,STANDARD,8,00009C000A030000
00000964,000.000.244,接收,404,DATA,STANDARD,8,0703050303030603
00000965,000.000.254,接收,405,DATA,STANDARD,8,000000000B02CF0B
00000966,000.000.262,接收,406,DATA,STANDARD,8,D902000000001400
00000967,000.000.256,接收,407,DATA,STANDARD,8,000000FF0000FFFF
00000968,000.000.279,接收,408,DATA,STANDARD,8,0502000000009B01
00000969,000.000.249,接收,305,DATA,STANDARD,8,000002FF0D02FFFF
00000970,000.000.267,接收,103,DATA,STANDARD,8,5500000000FFFFFF
00000971,000.000.261,接收,501,DATA,STANDARD,8,0000000000000000
00000972,000.002.148,接收,231,DATA,STANDARD,6,0201032B0E00
00000973,000.001.902,接收,232,DATA,STANDARD,6,020103230C00
00000974,000.001.664,接收,31F,DATA,STANDARD,8,000006020402FF80
00000975,000.000.240,接收,320,DATA,STANDARD,8,00009B010D02FFFF
00000976,000.002.846,接收,201,DATA,STANDARD,8,000000000A030000
00000977,000.038.610,接收,401,DATA,STANDARD,8,1A00AC0D00000002
00000978,000.000.237,接收,402,DATA,STANDARD,8,02320354FFFF0920
00000979,000.000.279,接收,403,DATA,STANDARD,8,00009C000A030000
00000980,000.000.237,接收,404,DATA,STANDARD,8,0703050303030603
00000981,000.000.278,接收,405,DATA,STANDARD,8,000000000B02CF0B
00000982,000.000.238,接收,406,DATA,STANDARD,8,D902000000001400
00000983,000.000.279,接收,407,DATA,STANDARD,8,000000FF0000FFFF
00000984,000.000.253,接收,408,DATA,STANDARD,8,0502000000009B01
00000985,000.000.274,接收,305,DATA,STANDARD,8,000002FF0D02FFFF
00000986,000.000.248,接收,103,DATA,STANDARD,8,5500000000FFFFFF
00000987,000.000.258,接收,501,DATA,STANDARD,8,0000000000000000
00000988,000.002.154,接收,231,DATA,STANDARD,6,0201031F0E00
00000989,000.001.924,接收,232,DATA,STANDARD,6,020103230C00
00000990,000.001.638,接收,31F,DATA,STANDARD,8,000006020402FF80
00000991,000.000.237,接收,320,DATA,STANDARD,8,00009B010D02FFFF
00000992,000.005.401,接收,201,DATA,STANDARD,8,000000000A030000
00000993,000.036.053,接收,401,DATA,STANDARD,8,1A00AC0D00000002
00000994,000.000.262,接收,402,DATA,STANDARD,8,02320354FFFF0920
00000995,000.000.252,接收,403,DATA,STANDARD,8,00009C000A030000
00000996,000.000.264,接收,404,DATA,STANDARD,8,0703050303030603
00000997,000.000.250,接收,405,DATA,STANDARD,8,000000000B02CF0B
00000998,000.000.265,接收,406,DATA,STANDARD,8,D902000000001400
00000999,000.000.260,接收,407,DATA,STANDARD,8,000000FF0000FFFF
00001000,000.000.256,接收,408,DATA,STANDARD,8,0502000000009B01
00001001,000.000.281,接收,305,DATA,STANDARD,8,000002FF0D02FFFF
00001002,000.390.388,接收,103,DATA,STANDARD,8,5500000000FFFFFF
00001003,000.000.000,接收,501,DATA,STANDARD,8,0000000000000000
00001004,000.000.000,接收,231,DATA,STANDARD,6,0201031F0E00
00001005,000.000.000,接收,232,DATA,STANDARD,6,020103230C00
00001006,000.000.000,接收,31F,DATA,STANDARD,8,000005020502FF80
00001007,000.000.000,接收,320,DATA,STANDARD,8,00009B010D02FFFF
00001008,000.004.219,接收,201,DATA,STANDARD,8,000000000A030000
00001009,000.037.222,接收,401,DATA,STANDARD,8,1A00AC0D00000002
00001010,000.000.279,接收,402,DATA,STANDARD,8,02320354FFFF0920
00001011,000.000.235,接收,403,DATA,STANDARD,8,00009C000A030000
00001012,000.000.280,接收,404,DATA,STANDARD,8,0703050303030603
00001013,000.000.235,接收,405,DATA,STANDARD,8,000000000B02CF0B
00001014,000.000.280,接收,406,DATA,STANDARD,8,D902000000001400
00001015,000.000.253,接收,407,DATA,STANDARD,8,000000FF0000FFFF
00001016,000.000.264,接收,408,DATA,STANDARD,8,0502000000009B01
00001017,000.000.255,接收,305,DATA,STANDARD,8,000002FF0D02FFFF
00001018,000.000.260,接收,103,DATA,STANDARD,8,5500000000FFFFFF
00001019,000.000.281,接收,501,DATA,STANDARD,8,0000000000000000
00001020,000.002.127,接收,231,DATA,STANDARD,6,0201031F0E00
00001021,000.001.905,接收,232,DATA,STANDARD,6,020103230C00
00001022,000.001.667,接收,31F,DATA,STANDARD,8,000005020402FF80
00001023,000.000.255,接收,320,DATA,STANDARD,8,00009B010D02FFFF
00001024,000.002.999,接收,201,DATA,STANDARD,8,000000000A030000
00001025,000.038.437,接收,401,DATA,STANDARD,8,1A00AC0D00000002
00001026,000.000.248,接收,402,DATA,STANDARD,8,02320354FFFF0920
00001027,000.000.269,接收,403,DATA,STANDARD,8,00009C000A030000
00001028,000.000.249,接收,404,DATA,STANDARD,8,0703050303030603
00001029,000.000.267,接收,405,DATA,STANDARD,8,000000000B02CF0B
00001030,000.000.257,接收,406,DATA,STANDARD,8,D902000000001400
00001031,000.000.258,接收,407,DATA,STANDARD,8,000000FF0000FFFF
00001032,000.000.258,接收,408,DATA,STANDARD,8,0502000000009B01
00001033,000.000.257,接收,305,DATA,STANDARD,8,000002FF0D02FFFF
00001034,000.000.281,接收,103,DATA,STANDARD,8,5500000000FFFFFF
00001035,000.000.250,接收,501,DATA,STANDARD,8,0000000000000000
00001036,000.002.142,接收,231,DATA,STANDARD,6,0201031F0E00
00001037,000.001.922,接收,232,DATA,STANDARD,6,020103230C00
00001038,000.001.640,接收,31F,DATA,STANDARD,8,000005020402FF80
00001039,000.000.247,接收,320,DATA,STANDARD,8,00009B010D02FFFF
00001040,000.005.580,接收,201,DATA,STANDARD,8,000000000A030000
00001041,000.035.722,接收,401,DATA,STANDARD,8,1A00AC0D00000002
00001042,000.000.277,接收,402,DATA,STANDARD,8,02320354FFFF0920
00001043,000.000.237,接收,403,DATA,STANDARD,8,00009C000A030000
00001044,000.000.265,接收,404,DATA,STANDARD,8,0703050303030603
00001045,000.000.249,接收,405,DATA,STANDARD,8,000000000B02CF0B
00001046,000.000.267,接收,406,DATA,STANDARD,8,D902000000001400
00001047,000.000.257,接收,407,DATA,STANDARD,8,000000FF0000FFFF
00001048,000.000.259,接收,408,DATA,STANDARD,8,0502000000009B01
00001049,000.000.261,接收,305,DATA,STANDARD,8,000002FF0D02FFFF
00001050,000.000.254,接收,103,DATA,STANDARD,8,5500000000FFFFFF
00001051,000.000.280,接收,501,DATA,STANDARD,8,0000000000000000
00001052,000.002.157,接收,231,DATA,STANDARD,6,0201032B0E00
00001053,000.001.903,接收,232,DATA,STANDARD,6,020103230C00
00001054,000.001.660,接收,31F,DATA,STANDARD,8,000005020502FF80
00001055,000.000.235,接收,320,DATA,STANDARD,8,00009B010D02FFFF
00001056,000.004.546,接收,201,DATA,STANDARD,8,000000000A030000
00001057,000.037.034,接收,401,DATA,STANDARD,8,1A00AC0D00000002
00001058,000.000.280,接收,402,DATA,STANDARD,8,02320354FFFF0920
00001059,000.000.234,接收,403,DATA,STANDARD,8,00009C000A030000
00001060,000.000.299,接收,404,DATA,STANDARD,8,0703050303030603
00001061,000.000.216,接收,405,DATA,STANDARD,8,000000000B02CF0B
00001062,000.589.374,接收,406,DATA,STANDARD,8,D902000000001400
00001063,000.000.000,接收,407,DATA,STANDARD,8,000000FF0000FFFF
00001064,000.000.000,接收,408,DATA,STANDARD,8,0502000000009B01
00001065,000.000.000,接收,305,DATA,STANDARD,8,000002FF0D02FFFF
00001066,000.000.000,接收,103,DATA,STANDARD,8,5500000000FFFFFF
00001067,000.000.000,接收,501,DATA,STANDARD,8,0000000000000000
00001068,000.002.155,接收,231,DATA,STANDARD,6,0201031F0E00
00001069,000.001.901,接收,232,DATA,STANDARD,6,020103230C00
00001070,000.001.663,接收,31F,DATA,STANDARD,8,000005020502FF80
00001071,000.000.233,接收,320,DATA,STANDARD,8,00009B010D02FFFF
00001072,000.003.188,接收,201,DATA,STANDARD,8,000000000A030000
00001073,000.038.249,接收,401,DATA,STANDARD,8,1A00AC0D00000002
00001074,000.000.250,接收,402,DATA,STANDARD,8,02320354FFFF0920
00001075,000.000.280,接收,403,DATA,STANDARD,8,00009C000A030000
00001076,000.000.238,接收,404,DATA,STANDARD,8,0703050303030603
00001077,000.000.264,接收,405,DATA,STANDARD,8,000000000B02CF0B
00001078,000.000.253,接收,406,DATA,STANDARD,8,D902000000001400
00001079,000.000.262,接收,407,DATA,STANDARD,8,000000FF0000FFFF
00001080,000.000.262,接收,408,DATA,STANDARD,8,0502000000009B01
00001081,000.000.255,接收,305,DATA,STANDARD,8,000002FF0D02FFFF
00001082,000.000.281,接收,103,DATA,STANDARD,8,5500000000FFFFFF
00001083,000.000.253,接收,501,DATA,STANDARD,8,0000000000000000
00001084,000.002.139,接收,231,DATA,STANDARD,6,0201031F0E00
00001085,000.001.920,接收,232,DATA,STANDARD,6,020103230C00
00001086,000.001.655,接收,31F,DATA,STANDARD,8,000005020502FF80
00001087,000.000.239,接收,320,DATA,STANDARD,8,00009B010D02FFFF
00001088,000.005.747,接收,201,DATA,STANDARD,8,000000000A030000
00001089,000.035.735,接收,401,DATA,STANDARD,8,1A00AC0D00000002
00001090,000.000.280,接收,402,DATA,STANDARD,8,02320354FFFF0920
00001091,000.000.234,接收,403,DATA,STANDARD,8,00009C000A030000
00001092,000.000.267,接收,404,DATA,STANDARD,8,0703050303030603
00001093,000.000.248,接收,405,DATA,STANDARD,8,000000000B02CF0B
00001094,000.000.269,接收,406,DATA,STANDARD,8,D902000000001400
00001095,000.689.659,接收,407,DATA,STANDARD,8,000000FF0000FFFF
00001096,000.000.000,接收,408,DATA,STANDARD,8,0502000000009B01
00001097,000.000.000,接收,305,DATA,STANDARD,8,000002FF0D02FFFF
00001098,000.000.000,接收,103,DATA,STANDARD,8,5500000000FFFFFF
00001099,000.000.000,接收,501,DATA,STANDARD,8,0000000000000000
00001100,000.000.000,接收,231,DATA,STANDARD,6,0201031F0E00
00001101,000.001.921,接收,232,DATA,STANDARD,6,020103230C00
00001102,000.001.641,接收,31F,DATA,STANDARD,8,000005020402FF80
00001103,000.000.235,接收,320,DATA,STANDARD,8,00009B010D02FFFF
00001104,000.004.546,接收,201,DATA,STANDARD,8,000000000A030000
00001105,000.036.858,接收,401,DATA,STANDARD,8,1A00AC0D00000002
00001106,000.000.268,接收,402,DATA,STANDARD,8,02320354FFFF0920
00001107,000.000.246,接收,403,DATA,STANDARD,8,00009C000A030000
00001108,000.000.270,接收,404,DATA,STANDARD,8,0703050303030603
00001109,000.000.236,接收,405,DATA,STANDARD,8,000000000B02CF0B
00001110,000.000.279,接收,406,DATA,STANDARD,8,D902000000001400
00001111,000.000.253,接收,407,DATA,STANDARD,8,000000FF0000FFFF
00001112,000.000.275,接收,408,DATA,STANDARD,8,0502000000009B01
00001113,000.000.245,接收,305,DATA,STANDARD,8,000002FF0D02FFFF
00001114,000.000.259,接收,103,DATA,STANDARD,8,5500000000FFFFFF
00001115,000.000.281,接收,501,DATA,STANDARD,8,0000000000000000
00001116,000.002.135,接收,231,DATA,STANDARD,6,0201031F0E00
00001117,000.001.924,接收,232,DATA,STANDARD,6,020103230C00
00001118,000.001.658,接收,31F,DATA,STANDARD,8,000005020402FF80
00001119,000.000.235,接收,320,DATA,STANDARD,8,00009B010D02FFFF
00001120,000.003.375,接收,201,DATA,STANDARD,8,000000000A030000
00001121,000.038.063,接收,401,DATA,STANDARD,8,1A00AC0D00000002
00001122,000.000.250,接收,402,DATA,STANDARD,8,02320354FFFF0920
00001123,000.000.266,接收,403,DATA,STANDARD,8,00009C000A030000
00001124,000.000.252,接收,404,DATA,STANDARD,8,0703050303030603
00001125,000.000.263,接收,405,DATA,STANDARD,8,000000000B02CF0B
00001126,000.000.253,接收,406,DATA,STANDARD,8,D902000000001400
00001127,000.000.264,接收,407,DATA,STANDARD,8,000000FF0000FFFF
00001128,000.000.260,接收,408,DATA,STANDARD,8,0502000000009B01
00001129,000.790.137,接收,305,DATA,STANDARD,8,000002FF0D02FFFF
00001130,000.000.000,接收,103,DATA,STANDARD,8,5500000000FFFFFF
00001131,000.000.000,接收,501,DATA,STANDARD,8,0000000000000000
00001132,000.000.000,接收,231,DATA,STANDARD,6,0201031F0E00
00001133,000.000.000,接收,232,DATA,STANDARD,6,020103230C00
00001134,000.000.000,接收,31F,DATA,STANDARD,8,000005020402FF80
00001135,000.000.248,接收,320,DATA,STANDARD,8,00009B010D02FFFF
00001136,000.002.214,接收,201,DATA,STANDARD,8,000000000A030000
00001137,000.039.254,接收,401,DATA,STANDARD,8,1A00AC0D00000002
00001138,000.000.235,接收,402,DATA,STANDARD,8,02320354FFFF0920
00001139,000.000.294,接收,403,DATA,STANDARD,8,00009C000A030000
00001140,000.000.222,接收,404,DATA,STANDARD,8,0703050303030603
00001141,000.000.282,接收,405,DATA,STANDARD,8,000000000B02CF0B
00001142,000.000.234,接收,406,DATA,STANDARD,8,D902000000001400
00001143,000.000.296,接收,407,DATA,STANDARD,8,000000FF0000FFFF
00001144,000.839.889,接收,408,DATA,STANDARD,8,0502000000009B01
00001145,000.000.000,接收,305,DATA,STANDARD,8,000002FF0D02FFFF
00001146,000.000.000,接收,103,DATA,STANDARD,8,5500000000FFFFFF
00001147,000.000.000,接收,501,DATA,STANDARD,8,0000000000000000
00001148,000.000.000,接收,231,DATA,STANDARD,6,0201032B0E00
00001149,000.000.000,接收,232,DATA,STANDARD,6,020103230C00
00001150,000.001.640,接收,31F,DATA,STANDARD,8,000005020402FF80
00001151,000.000.235,接收,320,DATA,STANDARD,8,00009B010D02FFFF
00001152,000.004.759,接收,201,DATA,STANDARD,8,000000000A030000
00001153,000.036.693,接收,401,DATA,STANDARD,8,1A00AC0D00000002
00001154,000.000.267,接收,402,DATA,STANDARD,8,02320354FFFF0920
00001155,000.000.247,接收,403,DATA,STANDARD,8,00009C000A030000
00001156,000.000.268,接收,404,DATA,STANDARD,8,0703050303030603
00001157,000.000.238,接收,405,DATA,STANDARD,8,000000000B02CF0B
00001158,000.000.279,接收,406,DATA,STANDARD,8,D902000000001400
00001159,000.889.625,接收,407,DATA,STANDARD,8,000000FF0000FFFF
00001160,000.000.000,接收,408,DATA,STANDARD,8,0502000000009B01
00001161,000.000.000,接收,305,DATA,STANDARD,8,000002FF0D02FFFF
00001162,000.000.000,接收,103,DATA,STANDARD,8,5500000000FFFFFF
00001163,000.000.000,接收,501,DATA,STANDARD,8,0000000000000000
00001164,000.000.000,接收,231,DATA,STANDARD,6,0201032B0E00
00001165,000.001.901,接收,232,DATA,STANDARD,6,020103230C00
00001166,000.001.663,接收,31F,DATA,STANDARD,8,000005020402FF80
00001167,000.000.233,接收,320,DATA,STANDARD,8,00009B010D02FFFF
00001168,000.003.564,接收,201,DATA,STANDARD,8,000000000A030000
00001169,000.037.873,接收,401,DATA,STANDARD,8,1A00AC0D00000002
00001170,000.000.257,接收,402,DATA,STANDARD,8,02320354FFFF0920
00001171,000.000.260,接收,403,DATA,STANDARD,8,00009C000A030000
00001172,000.000.258,接收,404,DATA,STANDARD,8,0703050303030603
00001173,000.000.257,接收,405,DATA,STANDARD,8,000000000B02CF0B
00001174,000.939.364,接收,406,DATA,STANDARD,8,D902000000001400
00001175,000.000.000,接收,407,DATA,STANDARD,8,000000FF0000FFFF
00001176,000.000.000,接收,408,DATA,STANDARD,8,0502000000009B01
00001177,000.000.000,接收,305,DATA,STANDARD,8,000002FF0D02FFFF
00001178,000.000.000,接收,103,DATA,STANDARD,8,5500000000FFFFFF
00001179,000.000.000,接收,501,DATA,STANDARD,8,0000000000000000
00001180,000.002.180,接收,231,DATA,STANDARD,6,0201031F0E00
00001181,000.001.874,接收,232,DATA,STANDARD,6,020103230C00
00001182,000.001.658,接收,31F,DATA,STANDARD,8,000005020402FF80
00001183,000.000.240,接收,320,DATA,STANDARD,8,00009B010D02FFFF
00001184,000.002.386,接收,201,DATA,STANDARD,8,000000000A030000
00001185,000.039.075,接收,401,DATA,STANDARD,8,1A00AC0D00000002
00001186,000.000.236,接收,402,DATA,STANDARD,8,02320354FFFF0920
00001187,000.000.280,接收,403,DATA,STANDARD,8,00009C000A030000
00001188,000.000.238,接收,404,DATA,STANDARD,8,0703050303030603
00001189,000.000.279,接收,405,DATA,STANDARD,8,000000000B02CF0B
00001190,000.000.246,接收,406,DATA,STANDARD,8,D902000000001400
00001191,000.000.287,接收,407,DATA,STANDARD,8,000000FF0000FFFF
00001192,000.000.237,接收,408,DATA,STANDARD,8,0502000000009B01
00001193,000.990.152,接收,305,DATA,STANDARD,8,000002FF0D02FFFF
00001194,000.000.000,接收,103,DATA,STANDARD,8,5500000000FFFFFF
00001195,000.000.000,接收,501,DATA,STANDARD,8,0000000000000000
00001196,000.000.000,接收,231,DATA,STANDARD,6,0201031F0E00
00001197,000.000.000,接收,232,DATA,STANDARD,6,020103230C00
00001198,000.000.000,接收,31F,DATA,STANDARD,8,000005020402FF80
00001199,000.000.235,接收,320,DATA,STANDARD,8,00009B010D02FFFF
00001200,000.004.934,接收,201,DATA,STANDARD,8,000000000A030000
00001201,000.036.524,接收,401,DATA,STANDARD,8,1A00AC0D00000002
00001202,000.000.281,接收,402,DATA,STANDARD,8,02320354FFFF0920
00001203,000.000.233,接收,403,DATA,STANDARD,8,00009C000A030000
00001204,000.000.261,接收,404,DATA,STANDARD,8,0703050303030603
00001205,000.000.253,接收,405,DATA,STANDARD,8,000000000B02CF0B
00001206,000.000.263,接收,406,DATA,STANDARD,8,D902000000001400
00001207,000.000.261,接收,407,DATA,STANDARD,8,000000FF0000FFFF
00001208,000.000.254,接收,408,DATA,STANDARD,8,0502000000009B01
00001209,000.000.295,接收,305,DATA,STANDARD,8,000002FF0D02FFFF
00001210,000.000.224,接收,103,DATA,STANDARD,8,5500000000FFFFFF
00001211,000.000.278,接收,501,DATA,STANDARD,8,0000000000000000
00001212,000.002.131,接收,231,DATA,STANDARD,6,0201032B0E00
00001213,000.001.925,接收,232,DATA,STANDARD,6,020103230C00
00001214,000.001.664,接收,31F,DATA,STANDARD,8,000005020502FF80
00001215,000.000.233,接收,320,DATA,STANDARD,8,00009B010D02FFFF
00001216,000.003.750,接收,201,DATA,STANDARD,8,000000000A030000
00001217,000.037.688,接收,401,DATA,STANDARD,8,1A00AC0D00000002
00001218,000.000.259,接收,402,DATA,STANDARD,8,02320354FFFF0920
00001219,000.000.257,接收,403,DATA,STANDARD,8,00009C000A030000
00001220,000.000.261,接收,404,DATA,STANDARD,8,0703050303030603
00001221,000.000.253,接收,405,DATA,STANDARD,8,000000000B02CF0B
00001222,000.000.263,接收,406,DATA,STANDARD,8,D902000000001400
00001223,000.000.256,接收,407,DATA,STANDARD,8,000000FF0000FFFF
00001224,000.000.280,接收,408,DATA,STANDARD,8,0502000000009B01
00001225,000.000.249,接收,305,DATA,STANDARD,8,000002FF0D02FFFF
00001226,000.090.418,接收,103,DATA,STANDARD,8,5500000000FFFFFF
00001227,000.000.000,接收,501,DATA,STANDARD,8,0000000000000000
00001228,000.000.000,接收,231,DATA,STANDARD,6,0201031F0E00
00001229,000.000.000,接收,232,DATA,STANDARD,6,020103230C00
00001230,000.000.000,接收,31F,DATA,STANDARD,8,000005020402FF80
00001231,000.000.000,接收,320,DATA,STANDARD,8,00009B010D02FFFF
00001232,000.002.572,接收,201,DATA,STANDARD,8,000000000A030000
00001233,000.038.886,接收,401,DATA,STANDARD,8,1A00AC0D00000002
00001234,000.000.251,接收,402,DATA,STANDARD,8,02320354FFFF0920
00001235,000.000.265,接收,403,DATA,STANDARD,8,00009C000A030000
00001236,000.000.253,接收,404,DATA,STANDARD,8,0703050303030603
00001237,000.000.264,接收,405,DATA,STANDARD,8,000000000B02CF0B
00001238,000.000.253,接收,406,DATA,STANDARD,8,D902000000001400
00001239,000.000.280,接收,407,DATA,STANDARD,8,000000FF0000FFFF
00001240,000.000.263,接收,408,DATA,STANDARD,8,0502000000009B01
00001241,000.000.235,接收,305,DATA,STANDARD,8,000002FF0D02FFFF
00001242,000.000.280,接收,103,DATA,STANDARD,8,5500000000FFFFFF
00001243,000.000.255,接收,501,DATA,STANDARD,8,0000000000000000
00001244,000.002.139,接收,231,DATA,STANDARD,6,0201031F0E00
00001245,000.001.931,接收,232,DATA,STANDARD,6,020103230C00
00001246,000.001.642,接收,31F,DATA,STANDARD,8,000005020402FF80
00001247,000.000.239,接收,320,DATA,STANDARD,8,00009B010D02FFFF
00001248,000.005.106,接收,201,DATA,STANDARD,8,000000000A030000
00001249,000.036.219,接收,401,DATA,STANDARD,8,1A00AC0D00000002
00001250,000.000.253,接收,402,DATA,STANDARD,8,02320354FFFF0920
00001251,000.000.277,接收,403,DATA,STANDARD,8,00009C000A030000
00001252,000.000.242,接收,404,DATA,STANDARD,8,0703050303030603
00001253,000.000.260,接收,405,DATA,STANDARD,8,000000000B02CF0B
00001254,000.189.252,接收,406,DATA,STANDARD,8,D902000000001400
00001255,000.000.000,接收,407,DATA,STANDARD,8,000000FF0000FFFF
00001256,000.000.000,接收,408,DATA,STANDARD,8,0502000000009B01
00001257,000.000.000,接收,305,DATA,STANDARD,8,000002FF0D02FFFF
00001258,000.000.000,接收,103,DATA,STANDARD,8,5500000000FFFFFF
00001259,000.000.000,接收,501,DATA,STANDARD,8,0000000000000000
00001260,000.002.160,接收,231,DATA,STANDARD,6,0201031F0E00
00001261,000.001.897,接收,232,DATA,STANDARD,6,020103230C00
00001262,000.001.655,接收,31F,DATA,STANDARD,8,000005020402FF80
00001263,000.000.239,接收,320,DATA,STANDARD,8,00009B010D02FFFF
00001264,000.004.059,接收,201,DATA,STANDARD,8,000000000A030000
00001265,000.037.515,接收,401,DATA,STANDARD,8,1A00AC0D00000002
00001266,000.000.267,接收,402,DATA,STANDARD,8,02320354FFFF0920
00001267,000.000.247,接收,403,DATA,STANDARD,8,00009C000A030000
00001268,000.000.269,接收,404,DATA,STANDARD,8,0703050303030603
00001269,000.000.252,接收,405,DATA,STANDARD,8,000000000B02CF0B
00001270,000.000.263,接收,406,DATA,STANDARD,8,D902000000001400
00001271,000.000.254,接收,407,DATA,STANDARD,8,000000FF0000FFFF
00001272,000.000.261,接收,408,DATA,STANDARD,8,0502000000009B01
00001273,000.000.259,接收,305,DATA,STANDARD,8,000002FF0D02FFFF
00001274,000.000.257,接收,103,DATA,STANDARD,8,5500000000FFFFFF
00001275,000.000.281,接收,501,DATA,STANDARD,8,0000000000000000
00001276,000.002.134,接收,231,DATA,STANDARD,6,0201031F0E00
00001277,000.001.944,接收,232,DATA,STANDARD,6,020103230C00
00001278,000.001.640,接收,31F,DATA,STANDARD,8,000005020402FF80
00001279,000.000.255,接收,320,DATA,STANDARD,8,00009B010D02FFFF
00001280,000.002.746,接收,201,DATA,STANDARD,8,000000000B030000
00001281,000.038.672,接收,401,DATA,STANDARD,8,1A00AC0D00000002
00001282,000.000.252,接收,402,DATA,STANDARD,8,02320354FFFF0920
00001283,000.000.263,接收,403,DATA,STANDARD,8,00009C000A030000
00001284,000.000.260,接收,404,DATA,STANDARD,8,0703050303030603
00001285,000.000.256,接收,405,DATA,STANDARD,8,000000000B02CF0B
00001286,000.289.377,接收,406,DATA,STANDARD,8,D902000000001400
00001287,000.000.000,接收,407,DATA,STANDARD,8,000000FF0000FFFF
00001288,000.000.000,接收,408,DATA,STANDARD,8,0502000000009B01
00001289,000.000.000,接收,305,DATA,STANDARD,8,000002FF0D02FFFF
00001290,000.000.000,接收,103,DATA,STANDARD,8,5500000000FFFFFF
00001291,000.000.000,接收,501,DATA,STANDARD,8,0000000000000000
00001292,000.002.158,接收,231,DATA,STANDARD,6,0201032B0E00
00001293,000.001.912,接收,232,DATA,STANDARD,6,020103230C00
00001294,000.001.642,接收,31F,DATA,STANDARD,8,000005020402FF80
00001295,000.000.239,接收,320,DATA,STANDARD,8,00009B010D02FFFF
00001296,000.005.340,接收,201,DATA,STANDARD,8,000000000B030000
00001297,000.035.958,接收,401,DATA,STANDARD,8,1A00AC0D00000002
00001298,000.000.261,接收,402,DATA,STANDARD,8,02320354FFFF0920
00001299,000.000.253,接收,403,DATA,STANDARD,8,00009C000A030000
00001300,000.000.263,接收,404,DATA,STANDARD,8,0703050303030603
00001301,000.000.251,接收,405,DATA,STANDARD,8,000000000B02CF0B
00001302,000.000.264,接收,406,DATA,STANDARD,8,D902000000001400
00001303,000.000.260,接收,407,DATA,STANDARD,8,000000FF0000FFFF
00001304,000.000.255,接收,408,DATA,STANDARD,8,0502000000009B01
00001305,000.000.282,接收,305,DATA,STANDARD,8,000002FF0D02FFFF
00001306,000.000.236,接收,103,DATA,STANDARD,8,5500000000FFFFFF
00001307,000.000.293,接收,501,DATA,STANDARD,8,0000000000000000
00001308,000.002.118,接收,231,DATA,STANDARD,6,0201032B0E00
00001309,000.001.947,接收,232,DATA,STANDARD,6,020103230C00
00001310,000.001.640,接收,31F,DATA,STANDARD,8,000005020402FF80
00001311,000.000.234,接收,320,DATA,STANDARD,8,00009B010D02FFFF
00001312,000.004.338,接收,201,DATA,STANDARD,8,000000000B030000
00001313,000.037.254,接收,401,DATA,STANDARD,8,1A00AC0D00000002
00001314,000.000.269,接收,402,DATA,STANDARD,8,02320354FFFF0920
00001315,000.000.237,接收,403,DATA,STANDARD,8,00009C000A030000
00001316,000.000.278,接收,404,DATA,STANDARD,8,0703050303030603
00001317,000.000.236,接收,405,DATA,STANDARD,8,000000000B02CF0B
00001318,000.000.298,接收,406,DATA,STANDARD,8,D902000000001400
00001319,000.000.234,接收,407,DATA,STANDARD,8,000000FF0000FFFF
00001320,000.000.264,接收,408,DATA,STANDARD,8,0502000000009B01
00001321,000.000.256,接收,305,DATA,STANDARD,8,000002FF0D02FFFF
00001322,000.000.258,接收,103,DATA,STANDARD,8,5500000000FFFFFF
00001323,000.000.282,接收,501,DATA,STANDARD,8,0000000000000000
00001324,000.002.156,接收,231,DATA,STANDARD,6,0201031F0E00
00001325,000.001.876,接收,232,DATA,STANDARD,6,020103230C00
00001326,000.001.687,接收,31F,DATA,STANDARD,8,000005020402FF80
00001327,000.000.234,接收,320,DATA,STANDARD,8,00009B010D02FFFF
00001328,000.003.046,接收,201,DATA,STANDARD,8,000000000B030000
00001329,000.038.391,接收,401,DATA,STANDARD,8,1A00AC0D00000002
00001330,000.000.251,接收,402,DATA,STANDARD,8,02320354FFFF0920
00001331,000.000.266,接收,403,DATA,STANDARD,8,00009C000A030000
00001332,000.000.252,接收,404,DATA,STANDARD,8,0703050303030603
00001333,000.000.275,接收,405,DATA,STANDARD,8,000000000B02CF0B
00001334,000.000.241,接收,406,DATA,STANDARD,8,D902000000001400
00001335,000.000.262,接收,407,DATA,STANDARD,8,000000FF0000FFFF
00001336,000.000.262,接收,408,DATA,STANDARD,8,0502000000009B01
00001337,000.000.255,接收,305,DATA,STANDARD,8,000002FF0D02FFFF
00001338,000.000.283,接收,103,DATA,STANDARD,8,5500000000FFFFFF
00001339,000.000.250,接收,501,DATA,STANDARD,8,0000000000000000
00001340,000.002.184,接收,231,DATA,STANDARD,6,0201031F0E00
00001341,000.001.923,接收,232,DATA,STANDARD,6,020103230C00
00001342,000.001.606,接收,31F,DATA,STANDARD,8,000005020402FF80
00001343,000.000.239,接收,320,DATA,STANDARD,8,00009B010D02FFFF
00001344,000.005.630,接收,201,DATA,STANDARD,8,000000000B030000
00001345,000.035.838,接收,401,DATA,STANDARD,8,1A00AC0D00000002
00001346,000.000.233,接收,402,DATA,STANDARD,8,02320354FFFF0920
00001347,000.000.282,接收,403,DATA,STANDARD,8,00009C000A030000
00001348,000.000.235,接收,404,DATA,STANDARD,8,0703050303030603
00001349,000.000.280,接收,405,DATA,STANDARD,8,000000000B02CF0B
00001350,000.000.235,接收,406,DATA,STANDARD,8,D902000000001400
00001351,000.000.281,接收,407,DATA,STANDARD,8,000000FF0000FFFF
00001352,000.000.252,接收,408,DATA,STANDARD,8,0502000000009B01
00001353,000.000.264,接收,305,DATA,STANDARD,8,000002FF0D02FFFF
00001354,000.000.258,接收,103,DATA,STANDARD,8,5500000000FFFFFF
00001355,000.000.258,接收,501,DATA,STANDARD,8,0000000000000000
00001356,000.002.168,接收,231,DATA,STANDARD,6,0201031F0E00
00001357,000.001.924,接收,232,DATA,STANDARD,6,020103230C00
00001358,000.001.626,接收,31F,DATA,STANDARD,8,000005020502FF80
00001359,000.000.235,接收,320,DATA,STANDARD,8,00009B010D02FFFF
00001360,000.004.474,接收,201,DATA,STANDARD,8,000000000B030000
00001361,000.036.982,接收,401,DATA,STANDARD,8,1A00AC0D00000002
00001362,000.000.262,接收,402,DATA,STANDARD,8,02320354FFFF0920
00001363,000.000.252,接收,403,DATA,STANDARD,8,00009C000A030000
00001364,000.000.265,接收,404,DATA,STANDARD,8,0703050303030603
00001365,000.000.249,接收,405,DATA,STANDARD,8,000000000B02CF0B
00001366,000.539.387,接收,406,DATA,STANDARD,8,D902000000001400
00001367,000.000.000,接收,407,DATA,STANDARD,8,000000FF0000FFFF
00001368,000.000.000,接收,408,DATA,STANDARD,8,0502000000009B01
00001369,000.000.000,接收,305,DATA,STANDARD,8,000002FF0D02FFFF
00001370,000.000.000,接收,103,DATA,STANDARD,8,5500000000FFFFFF
00001371,000.000.000,接收,501,DATA,STANDARD,8,0000000000000000
00001372,000.002.134,接收,231,DATA,STANDARD,6,0201031F0E00
00001373,000.001.943,接收,232,DATA,STANDARD,6,020103230C00
00001374,000.001.640,接收,31F,DATA,STANDARD,8,000005020402FF80
00001375,000.000.236,接收,320,DATA,STANDARD,8,00009B010D02FFFF
00001376,000.003.328,接收,201,DATA,STANDARD,8,000000000B030000
00001377,000.037.968,接收,401,DATA,STANDARD,8,1A00AC0D00000002
00001378,000.000.248,接收,402,DATA,STANDARD,8,02320354FFFF0920
00001379,000.000.268,接收,403,DATA,STANDARD,8,00009C000A030000
00001380,000.000.250,接收,404,DATA,STANDARD,8,0703050303030603
00001381,000.000.265,接收,405,DATA,STANDARD,8,000000000B02CF0B
00001382,000.000.251,接收,406,DATA,STANDARD,8,D902000000001400
00001383,000.000.266,接收,407,DATA,STANDARD,8,000000FF0000FFFF
00001384,000.000.258,接收,408,DATA,STANDARD,8,0502000000009B01
00001385,000.000.256,接收,305,DATA,STANDARD,8,000002FF0D02FFFF
00001386,000.000.281,接收,103,DATA,STANDARD,8,5500000000FFFFFF
00001387,000.000.251,接收,501,DATA,STANDARD,8,0000000000000000
00001388,000.002.156,接收,231,DATA,STANDARD,6,0201031F0E00
00001389,000.001.921,接收,232,DATA,STANDARD,6,020103230C00
00001390,000.001.627,接收,31F,DATA,STANDARD,8,000005020402FF80
00001391,000.000.248,接收,320,DATA,STANDARD,8,00009B010D02FFFF
00001392,000.006.052,接收,201,DATA,STANDARD,8,000000000B030000
00001393,000.035.577,接收,401,DATA,STANDARD,8,1A00AC0D00000002
00001394,000.000.263,接收,402,DATA,STANDARD,8,02320354FFFF0920
00001395,000.000.249,接收,403,DATA,STANDARD,8,00009C000B030000
00001396,000.000.266,接收,404,DATA,STANDARD,8,0703050303030603
00001397,000.000.249,接收,405,DATA,STANDARD,8,000000000B02CF0B
00001398,000.000.268,接收,406,DATA,STANDARD,8,D902000000001400
00001399,000.000.256,接收,407,DATA,STANDARD,8,000000FF0000FFFF
00001400,000.000.258,接收,408,DATA,STANDARD,8,0502000000009B01
00001401,000.000.263,接收,305,DATA,STANDARD,8,000002FF0D02FFFF
00001402,000.000.253,接收,103,DATA,STANDARD,8,5500000000FFFFFF
00001403,000.000.281,接收,501,DATA,STANDARD,8,0000000000000000
00001404,000.002.136,接收,231,DATA,STANDARD,6,0201031F0E00
00001405,000.001.942,接收,232,DATA,STANDARD,6,020103230C00
00001406,000.001.641,接收,31F,DATA,STANDARD,8,000005020402FF80
00001407,000.000.256,接收,320,DATA,STANDARD,8,00009B010D02FFFF
00001408,000.004.713,接收,201,DATA,STANDARD,8,000000000B030000
00001409,000.036.683,接收,401,DATA,STANDARD,8,1A00AC0D00000002
00001410,000.000.255,接收,402,DATA,STANDARD,8,02320354FFFF0920
00001411,000.000.258,接收,403,DATA,STANDARD,8,00009C000B030000
00001412,000.000.275,接收,404,DATA,STANDARD,8,0703050303030603
00001413,000.000.239,接收,405,DATA,STANDARD,8,000000000B02CF0B
00001414,000.000.259,接收,406,DATA,STANDARD,8,D902000000001400
00001415,000.000.281,接收,407,DATA,STANDARD,8,000000FF0000FFFF
00001416,000.000.236,接收,408,DATA,STANDARD,8,0502000000009B01
00001417,000.000.280,接收,305,DATA,STANDARD,8,000002FF0D02FFFF
00001418,000.000.250,接收,103,DATA,STANDARD,8,5500000000FFFFFF
00001419,000.000.277,接收,501,DATA,STANDARD,8,0000000000000000
00001420,000.002.144,接收,231,DATA,STANDARD,6,0201031F0E00
00001421,000.001.904,接收,232,DATA,STANDARD,6,020103230C00
00001422,000.001.660,接收,31F,DATA,STANDARD,8,000005020402FF80
00001423,000.000.233,接收,320,DATA,STANDARD,8,00009B010D02FFFF
00001424,000.003.625,接收,201,DATA,STANDARD,8,000000000B030000
00001425,000.037.812,接收,401,DATA,STANDARD,8,1A00AC0D00000002
00001426,000.000.260,接收,402,DATA,STANDARD,8,02320354FFFF0920
00001427,000.000.275,接收,403,DATA,STANDARD,8,00009C000B030000
00001428,000.000.241,接收,404,DATA,STANDARD,8,0703050303030603
00001429,000.000.256,接收,405,DATA,STANDARD,8,000000000B02CF0B
00001430,000.000.261,接收,406,DATA,STANDARD,8,D902000000001400
00001431,000.000.255,接收,407,DATA,STANDARD,8,000000FF0000FFFF
00001432,000.739.919,接收,408,DATA,STANDARD,8,0502000000009B01
00001433,000.000.000,接收,305,DATA,STANDARD,8,000002FF0D02FFFF
00001434,000.000.000,接收,103,DATA,STANDARD,8,5500000000FFFFFF
00001435,000.000.000,接收,501,DATA,STANDARD,8,0000000000000000
00001436,000.000.000,接收,231,DATA,STANDARD,6,0201032B0E00
00001437,000.000.000,接收,232,DATA,STANDARD,6,020103230C00
00001438,000.001.661,接收,31F,DATA,STANDARD,8,000005020402FF80
00001439,000.000.239,接收,320,DATA,STANDARD,8,00009B010D02FFFF
00001440,000.002.459,接收,201,DATA,STANDARD,8,000000000B030000
00001441,000.039.000,接收,401,DATA,STANDARD,8,1A00AC0D00000002
00001442,000.000.251,接收,402,DATA,STANDARD,8,02320354FFFF0920
00001443,000.000.266,接收,403,DATA,STANDARD,8,00009C000B030000
00001444,000.000.250,接收,404,DATA,STANDARD,8,0703050303030603
00001445,000.000.266,接收,405,DATA,STANDARD,8,000000000B02CF0B
00001446,000.000.250,接收,406,DATA,STANDARD,8,D902000000001400
00001447,000.000.265,接收,407,DATA,STANDARD,8,000000FF0000FFFF
00001448,000.000.259,接收,408,DATA,STANDARD,8,0502000000009B01
00001449,000.000.270,接收,305,DATA,STANDARD,8,000002FF0D02FFFF
00001450,000.000.268,接收,103,DATA,STANDARD,8,5500000000FFFFFF
00001451,000.000.250,接收,501,DATA,STANDARD,8,0000000000000000
00001452,000.002.162,接收,231,DATA,STANDARD,6,0201032B0E00
00001453,000.001.904,接收,232,DATA,STANDARD,6,020103230C00
00001454,000.001.638,接收,31F,DATA,STANDARD,8,000005020402FF80
00001455,000.000.247,接收,320,DATA,STANDARD,8,00009B010D02FFFF
00001456,000.005.028,接收,201,DATA,STANDARD,8,000000000B030000
00001457,000.036.422,接收,401,DATA,STANDARD,8,1A00AC0D00000002
00001458,000.000.255,接收,402,DATA,STANDARD,8,02320354FFFF0920
00001459,000.000.257,接收,403,DATA,STANDARD,8,00009C000B030000
00001460,000.000.259,接收,404,DATA,STANDARD,8,0703050303030603
00001461,000.000.255,接收,405,DATA,STANDARD,8,000000000B02CF0B
00001462,000.000.260,接收,406,DATA,STANDARD,8,D902000000001400
00001463,000.000.281,接收,407,DATA,STANDARD,8,000000FF0000FFFF
00001464,000.000.236,接收,408,DATA,STANDARD,8,0502000000009B01
00001465,000.000.281,接收,305,DATA,STANDARD,8,000002FF0D02FFFF
00001466,000.840.432,接收,103,DATA,STANDARD,8,5500000000FFFFFF
00001467,000.000.000,接收,501,DATA,STANDARD,8,0000000000000000
00001468,000.000.000,接收,231,DATA,STANDARD,6,0201031F0E00
00001469,000.000.000,接收,232,DATA,STANDARD,6,020103230C00
00001470,000.000.000,接收,31F,DATA,STANDARD,8,000005020402FF80
00001471,000.000.000,接收,320,DATA,STANDARD,8,00009B010D02FFFF
00001472,000.003.862,接收,201,DATA,STANDARD,8,000000000A030000
00001473,000.037.590,接收,401,DATA,STANDARD,8,1A00AC0D00000002
00001474,000.000.267,接收,402,DATA,STANDARD,8,02320354FFFF0920
00001475,000.000.236,接收,403,DATA,STANDARD,8,00009C000B030000
00001476,000.000.298,接收,404,DATA,STANDARD,8,0703050303030603
00001477,000.000.216,接收,405,DATA,STANDARD,8,000000000B02CF0B
00001478,000.000.282,接收,406,DATA,STANDARD,8,D902000000001400
00001479,000.000.251,接收,407,DATA,STANDARD,8,000000FF0000FFFF
00001480,000.000.263,接收,408,DATA,STANDARD,8,0502000000009B01
00001481,000.000.257,接收,305,DATA,STANDARD,8,000002FF0D02FFFF
00001482,000.000.259,接收,103,DATA,STANDARD,8,5500000000FFFFFF
00001483,000.000.281,接收,501,DATA,STANDARD,8,0000000000000000
00001484,000.002.126,接收,231,DATA,STANDARD,6,0201031F0E00
00001485,000.001.922,接收,232,DATA,STANDARD,6,020103230C00
00001486,000.001.652,接收,31F,DATA,STANDARD,8,000005020402FF80
00001487,000.000.253,接收,320,DATA,STANDARD,8,00009B010D02FFFF
00001488,000.002.672,接收,201,DATA,STANDARD,8,000000000A030000
00001489,000.038.626,接收,401,DATA,STANDARD,8,1A00AC0D00000002
00001490,000.000.235,接收,402,DATA,STANDARD,8,02320354FFFF0920
00001491,000.000.281,接收,403,DATA,STANDARD,8,00009C000B030000
00001492,000.000.235,接收,404,DATA,STANDARD,8,0703050303030603
00001493,000.000.280,接收,405,DATA,STANDARD,8,000000000B02CF0B
00001494,000.000.236,接收,406,DATA,STANDARD,8,D902000000001400
00001495,000.000.298,接收,407,DATA,STANDARD,8,000000FF0000FFFF
00001496,000.000.235,接收,408,DATA,STANDARD,8,0502000000009B01
00001497,000.000.263,接收,305,DATA,STANDARD,8,000002FF0D02FFFF
00001498,000.000.259,接收,103,DATA,STANDARD,8,5500000000FFFFFF
00001499,000.000.268,接收,501,DATA,STANDARD,8,0000000000000000
00001500,000.002.144,接收,231,DATA,STANDARD,6,0201032B0E00
00001501,000.001.921,接收,232,DATA,STANDARD,6,020103230C00
00001502,000.001.641,接收,31F,DATA,STANDARD,8,000005020402FF80
00001503,000.000.235,接收,320,DATA,STANDARD,8,00009B010D02FFFF
00001504,000.005.391,接收,201,DATA,STANDARD,8,000000000A030000
00001505,000.036.067,接收,401,DATA,STANDARD,8,1A00AC0D00000002
00001506,000.000.261,接收,402,DATA,STANDARD,8,02320354FFFF0920
00001507,000.000.251,接收,403,DATA,STANDARD,8,00009C000B030000
00001508,000.000.265,接收,404,DATA,STANDARD,8,0703050303030603
00001509,000.000.249,接收,405,DATA,STANDARD,8,000000000B02CF0B
00001510,000.000.279,接收,406,DATA,STANDARD,8,D902000000001400
00001511,000.000.245,接收,407,DATA,STANDARD,8,000000FF0000FFFF
00001512,000.000.257,接收,408,DATA,STANDARD,8,0502000000009B01
00001513,000.000.263,接收,305,DATA,STANDARD,8,000002FF0D02FFFF
00001514,000.000.254,接收,103,DATA,STANDARD,8,5500000000FFFFFF
00001515,000.000.281,接收,501,DATA,STANDARD,8,0000000000000000
00001516,000.002.156,接收,231,DATA,STANDARD,6,0201031F0E00
00001517,000.001.901,接收,232,DATA,STANDARD,6,020103230C00
00001518,000.001.661,接收,31F,DATA,STANDARD,8,000005020402FF80
00001519,000.000.235,接收,320,DATA,STANDARD,8,00009B010D02FFFF
00001520,000.004.196,接收,201,DATA,STANDARD,8,000000000A030000
00001521,000.037.399,接收,401,DATA,STANDARD,8,1A00AC0D00000002
00001522,000.000.265,接收,402,DATA,STANDARD,8,02320354FFFF0920
00001523,000.000.247,接收,403,DATA,STANDARD,8,00009C000B030000
00001524,000.000.268,接收,404,DATA,STANDARD,8,0703050303030603
00001525,000.000.246,接收,405,DATA,STANDARD,8,000000000B02CF0B
00001526,000.000.269,接收,406,DATA,STANDARD,8,D902000000001400
00001527,000.000.255,接收,407,DATA,STANDARD,8,000000FF0000FFFF
00001528,000.000.274,接收,408,DATA,STANDARD,8,0502000000009B01
00001529,000.000.246,接收,305,DATA,STANDARD,8,000002FF0D02FFFF
00001530,000.000.257,接收,103,DATA,STANDARD,8,5500000000FFFFFF
00001531,000.000.280,接收,501,DATA,STANDARD,8,0000000000000000
00001532,000.002.157,接收,231,DATA,STANDARD,6,0201031F0E00
00001533,000.001.897,接收,232,DATA,STANDARD,6,020103230C00
00001534,000.001.666,接收,31F,DATA,STANDARD,8,000005020402FF80
00001535,000.000.235,接收,320,DATA,STANDARD,8,00009B010D02FFFF
00001536,000.002.859,接收,201,DATA,STANDARD,8,000000000A030000
00001537,000.038.576,接收,401,DATA,STANDARD,8,1A00AC0D00000002
00001538,000.000.259,接收,402,DATA,STANDARD,8,02320354FFFF0920
00001539,000.000.258,接收,403,DATA,STANDARD,8,00009C000B030000
00001540,000.000.258,接收,404,DATA,STANDARD,8,0703050303030603
00001541,000.000.258,接收,405,DATA,STANDARD,8,000000000B02CF0B
00001542,000.000.258,接收,406,DATA,STANDARD,8,D902000000001400
00001543,000.000.276,接收,407,DATA,STANDARD,8,000000FF0000FFFF
00001544,000.000.263,接收,408,DATA,STANDARD,8,0502000000009B01
00001545,000.000.237,接收,305,DATA,STANDARD,8,000002FF0D02FFFF
00001546,000.000.279,接收,103,DATA,STANDARD,8,5500000000FFFFFF
00001547,000.000.258,接收,501,DATA,STANDARD,8,0000000000000000
00001548,000.002.132,接收,231,DATA,STANDARD,6,0201031F0E00
00001549,000.001.921,接收,232,DATA,STANDARD,6,020103230C00
00001550,000.001.659,接收,31F,DATA,STANDARD,8,000005020402FF80
00001551,000.000.239,接收,320,DATA,STANDARD,8,00009B010D02FFFF
00001552,000.005.416,接收,201,DATA,STANDARD,8,000000000A030000
00001553,000.036.061,接收,401,DATA,STANDARD,8,1A00AC0D00000002
00001554,000.000.267,接收,402,DATA,STANDARD,8,02320354FFFF0920
00001555,000.000.237,接收,403,DATA,STANDARD,8,00009B000A030000
00001556,000.000.278,接收,404,DATA,STANDARD,8,0703050303030603
00001557,000.000.236,接收,405,DATA,STANDARD,8,000000000B02CF0B
00001558,000.000.293,接收,406,DATA,STANDARD,8,D902000000001400
00001559,000.000.240,接收,407,DATA,STANDARD,8,000000FF0000FFFF
00001560,000.139.950,接收,408,DATA,STANDARD,8,0502000000009B01
00001561,000.000.000,接收,305,DATA,STANDARD,8,000002FF0D02FFFF
00001562,000.000.000,接收,103,DATA,STANDARD,8,5500000000FFFFFF
00001563,000.000.000,接收,501,DATA,STANDARD,8,0000000000000000
00001564,000.000.000,接收,231,DATA,STANDARD,6,0201031F0E00
00001565,000.000.000,接收,232,DATA,STANDARD,6,020103230C00
00001566,000.001.675,接收,31F,DATA,STANDARD,8,000005020402FF80
00001567,000.000.235,接收,320,DATA,STANDARD,8,00009B010D02FFFF
00001568,000.004.173,接收,201,DATA,STANDARD,8,000000000A030000
00001569,000.037.232,接收,401,DATA,STANDARD,8,1A00AC0D00000002
00001570,000.000.268,接收,402,DATA,STANDARD,8,02320354FFFF0920
00001571,000.000.236,接收,403,DATA,STANDARD,8,00009B000A030000
00001572,000.000.278,接收,404,DATA,STANDARD,8,0703050303030603
00001573,000.000.236,接收,405,DATA,STANDARD,8,000000000B02CF0B
00001574,000.000.281,接收,406,DATA,STANDARD,8,D902000000001400
00001575,000.000.252,接收,407,DATA,STANDARD,8,000000FF0000FFFF
00001576,000.000.262,接收,408,DATA,STANDARD,8,0502000000009B01
00001577,000.000.258,接收,305,DATA,STANDARD,8,000002FF0D02FFFF
00001578,000.000.260,接收,103,DATA,STANDARD,8,5500000000FFFFFF
00001579,000.000.280,接收,501,DATA,STANDARD,8,0000000000000000
00001580,000.002.128,接收,231,DATA,STANDARD,6,0201032B0E00
00001581,000.001.949,接收,232,DATA,STANDARD,6,020103230C00
00001582,000.001.640,接收,31F,DATA,STANDARD,8,000005020502FF80
00001583,000.000.234,接收,320,DATA,STANDARD,8,00009B010D02FFFF
00001584,000.003.024,接收,201,DATA,STANDARD,8,000000000A030000
00001585,000.038.413,接收,401,DATA,STANDARD,8,1A00AC0D00000002
00001586,000.000.259,接收,402,DATA,STANDARD,8,02320354FFFF0920
00001587,000.000.258,接收,403,DATA,STANDARD,8,00009B000A030000
00001588,000.000.258,接收,404,DATA,STANDARD,8,0703050303030603
00001589,000.000.257,接收,405,DATA,STANDARD,8,000000000B02CF0B
00001590,000.000.259,接收,406,DATA,STANDARD,8,D902000000001400
00001591,000.000.258,接收,407,DATA,STANDARD,8,000000FF0000FFFF
00001592,000.000.280,接收,408,DATA,STANDARD,8,0502000000009B01
00001593,000.000.238,接收,305,DATA,STANDARD,8,000002FF0D02FFFF
00001594,000.000.279,接收,103,DATA,STANDARD,8,5500000000FFFFFF
00001595,000.000.257,接收,501,DATA,STANDARD,8,0000000000000000
00001596,000.002.180,接收,231,DATA,STANDARD,6,0201031F0E00
00001597,000.001.895,接收,232,DATA,STANDARD,6,020103230C00
00001598,000.001.637,接收,31F,DATA,STANDARD,8,000005020402FF80
00001599,000.000.240,接收,320,DATA,STANDARD,8,00009B010D02FFFF
00001600,000.005.603,接收,201,DATA,STANDARD,8,000000000A030000
00001601,000.035.862,接收,401,DATA,STANDARD,8,1A00AC0D00000002
00001602,000.000.231,接收,402,DATA,STANDARD,8,02320354FFFF0920
00001603,000.000.282,接收,403,DATA,STANDARD,8,00009B000A030000
00001604,000.000.234,接收,404,DATA,STANDARD,8,0703050303030603
00001605,000.000.281,接收,405,DATA,STANDARD,8,000000000B02CF0B
00001606,000.000.235,接收,406,DATA,STANDARD,8,D902000000001400
00001607,000.000.299,接收,407,DATA,STANDARD,8,000000FF0000FFFF
00001608,000.000.232,接收,408,DATA,STANDARD,8,0502000000009B01
00001609,000.000.265,接收,305,DATA,STANDARD,8,000002FF0D02FFFF
00001610,000.000.257,接收,103,DATA,STANDARD,8,5500000000FFFFFF
00001611,000.000.259,接收,501,DATA,STANDARD,8,0000000000000000
00001612,000.002.159,接收,231,DATA,STANDARD,6,0201031F0E00
00001613,000.001.920,接收,232,DATA,STANDARD,6,020103230C00
00001614,000.001.640,接收,31F,DATA,STANDARD,8,000005020402FF80
00001615,000.000.234,接收,320,DATA,STANDARD,8,00009B010D02FFFF
00001616,000.004.406,接收,201,DATA,STANDARD,8,000000000A030000
